full_name;git_url;id;language
b4winckler/macvim;git://github.com/b4winckler/macvim.git;692798;C
php/php-src;git://github.com/php/php-src.git;1903522;C
antirez/redis;git://github.com/antirez/redis.git;156018;C
libgit2/libgit2;git://github.com/libgit2/libgit2.git;901662;C
torvalds/linux;git://github.com/torvalds/linux.git;2325298;C
raspberrypi/linux;git://github.com/raspberrypi/linux.git;3199002;C
netdata/netdata;git://github.com/netdata/netdata.git;10744183;C
swaywm/sway;git://github.com/swaywm/sway.git;40217904;C
FFmpeg/FFmpeg;git://github.com/FFmpeg/FFmpeg.git;1614410;C
git/git;git://github.com/git/git.git;36502;C
radare/radare2;git://github.com/radare/radare2.git;4869294;C
emscripten-core/emscripten;git://github.com/emscripten-core/emscripten.git;1357796;C
micropython/micropython;git://github.com/micropython/micropython.git;15337142;C
reactos/reactos;git://github.com/reactos/reactos.git;105627846;C
mpv-player/mpv;git://github.com/mpv-player/mpv.git;6201092;C
curl/curl;git://github.com/curl/curl.git;569041;C
openssl/openssl;git://github.com/openssl/openssl.git;7634677;C
numpy/numpy;git://github.com/numpy/numpy.git;908607;C
nginx/nginx;git://github.com/nginx/nginx.git;37912398;C
MarlinFirmware/Marlin;git://github.com/MarlinFirmware/Marlin.git;2200856;C
tmux/tmux;git://github.com/tmux/tmux.git;36836475;C
obsproject/obs-studio;git://github.com/obsproject/obs-studio.git;13233158;C
facebook/zstd;git://github.com/facebook/zstd.git;29759715;C
h2o/h2o;git://github.com/h2o/h2o.git;23029617;C
hashcat/hashcat;git://github.com/hashcat/hashcat.git;47409672;C
dotnet/corefx;git://github.com/dotnet/corefx.git;26295345;C#
OpenRA/OpenRA;git://github.com/OpenRA/OpenRA.git;959908;C#
dotnet/roslyn;git://github.com/dotnet/roslyn.git;29078997;C#
PowerShell/PowerShell;git://github.com/PowerShell/PowerShell.git;49609581;C#
NancyFx/Nancy;git://github.com/NancyFx/Nancy.git;738250;C#
dotnet/coreclr;git://github.com/dotnet/coreclr.git;30092893;C#
aspnet/EntityFrameworkCore;git://github.com/aspnet/EntityFrameworkCore.git;16157746;C#
MonoGame/MonoGame;git://github.com/MonoGame/MonoGame.git;1579990;C#
mono/mono;git://github.com/mono/mono.git;791611;C#
aspnetboilerplate/aspnetboilerplate;git://github.com/aspnetboilerplate/aspnetboilerplate.git;12201538;C#
aspnet/AspNetCore;git://github.com/aspnet/AspNetCore.git;17620347;C#
AvaloniaUI/Avalonia;git://github.com/AvaloniaUI/Avalonia.git;14964475;C#
ShareX/ShareX;git://github.com/ShareX/ShareX.git;13428264;C#
ceph/ceph;git://github.com/ceph/ceph.git;2310495;C++
apple/swift;git://github.com/apple/swift.git;44838949;C++
v8/v8;git://github.com/v8/v8.git;24420506;C++
xbmc/xbmc;git://github.com/xbmc/xbmc.git;1217614;C++
tensorflow/tensorflow;git://github.com/tensorflow/tensorflow.git;45717250;C++
mongodb/mongo;git://github.com/mongodb/mongo.git;108110;C++
arangodb/arangodb;git://github.com/arangodb/arangodb.git;2649214;C++
grpc/grpc;git://github.com/grpc/grpc.git;27729880;C++
cocos2d/cocos2d-x;git://github.com/cocos2d/cocos2d-x.git;1093228;C++
rethinkdb/rethinkdb;git://github.com/rethinkdb/rethinkdb.git;6452529;C++
TrinityCore/TrinityCore;git://github.com/TrinityCore/TrinityCore.git;1204412;C++
facebook/hhvm;git://github.com/facebook/hhvm.git;455600;C++
dolphin-emu/dolphin;git://github.com/dolphin-emu/dolphin.git;11577304;C++
opencv/opencv;git://github.com/opencv/opencv.git;5108051;C++
yandex/ClickHouse;git://github.com/yandex/ClickHouse.git;60246359;C++
PaddlePaddle/Paddle;git://github.com/PaddlePaddle/Paddle.git;65711522;C++
electron/electron;git://github.com/electron/electron.git;9384267;C++
bitcoin/bitcoin;git://github.com/bitcoin/bitcoin.git;1181927;C++
godotengine/godot;git://github.com/godotengine/godot.git;15634981;C++
pytorch/pytorch;git://github.com/pytorch/pytorch.git;65600975;C++
OpenRCT2/OpenRCT2;git://github.com/OpenRCT2/OpenRCT2.git;18348651;C++
openframeworks/openFrameworks;git://github.com/openframeworks/openFrameworks.git;345337;C++
Microsoft/CNTK;git://github.com/Microsoft/CNTK.git;46918116;C++
ethereum/solidity;git://github.com/ethereum/solidity.git;40892817;C++
apache/incubator-weex;git://github.com/apache/incubator-weex.git;78186814;C++
ApolloAuto/apollo;git://github.com/ApolloAuto/apollo.git;96246170;C++
yuzu-emu/yuzu;git://github.com/yuzu-emu/yuzu.git;116167731;C++
apache/incubator-mxnet;git://github.com/apache/incubator-mxnet.git;34864402;C++
swoole/swoole-src;git://github.com/swoole/swoole-src.git;5133949;C++
qbittorrent/qBittorrent;git://github.com/qbittorrent/qBittorrent.git;3351871;C++
VowpalWabbit/vowpal_wabbit;git://github.com/VowpalWabbit/vowpal_wabbit.git;265995;C++
RPCS3/rpcs3;git://github.com/RPCS3/rpcs3.git;6520784;C++
facebook/rocksdb;git://github.com/facebook/rocksdb.git;6934395;C++
davisking/dlib;git://github.com/davisking/dlib.git;16331291;C++
AudioKit/AudioKit;git://github.com/AudioKit/AudioKit.git;16096528;C++
zeromq/libzmq;git://github.com/zeromq/libzmq.git;263379;C++
facebook/folly;git://github.com/facebook/folly.git;4524181;C++
Maximus5/ConEmu;git://github.com/Maximus5/ConEmu.git;2857373;C++
aseprite/aseprite;git://github.com/aseprite/aseprite.git;23129458;C++
protocolbuffers/protobuf;git://github.com/protocolbuffers/protobuf.git;23357588;C++
CRYTEK/CRYENGINE;git://github.com/CRYTEK/CRYENGINE.git;59480719;C++
bkaradzic/bgfx;git://github.com/bkaradzic/bgfx.git;3925242;C++
apache/thrift;git://github.com/apache/thrift.git;310611;C++
aria2/aria2;git://github.com/aria2/aria2.git;1116542;C++
telegramdesktop/tdesktop;git://github.com/telegramdesktop/tdesktop.git;19374812;C++
ocornut/imgui;git://github.com/ocornut/imgui.git;22067521;C++
metabase/metabase;git://github.com/metabase/metabase.git;30203935;Clojure
clojure/clojurescript;git://github.com/clojure/clojurescript.git;2080922;Clojure
Microsoft/vcpkg;git://github.com/Microsoft/vcpkg.git;68312233;CMake
codecombat/codecombat;git://github.com/codecombat/codecombat.git;15193430;CoffeeScript
cypress-io/cypress;git://github.com/cypress-io/cypress.git;31629751;CoffeeScript
crystal-lang/crystal;git://github.com/crystal-lang/crystal.git;6887813;Crystal
FreeCodeCampChina/freecodecamp.cn;git://github.com/FreeCodeCampChina/freecodecamp.cn.git;69629434;CSS
flutter/flutter;git://github.com/flutter/flutter.git;31792824;Dart
elixir-lang/elixir;git://github.com/elixir-lang/elixir.git;1234714;Elixir
phoenixframework/phoenix;git://github.com/phoenixframework/phoenix.git;16072585;Elixir
syl20bnr/spacemacs;git://github.com/syl20bnr/spacemacs.git;7212645;Emacs Lisp
erlang/otp;git://github.com/erlang/otp.git;374927;Erlang
rabbitmq/rabbitmq-server;git://github.com/rabbitmq/rabbitmq-server.git;924551;Erlang
kubernetes/kubernetes;git://github.com/kubernetes/kubernetes.git;20580498;Go
golang/go;git://github.com/golang/go.git;23096959;Go
cockroachdb/cockroach;git://github.com/cockroachdb/cockroach.git;16563587;Go
moby/moby;git://github.com/moby/moby.git;7691631;Go
influxdata/influxdb;git://github.com/influxdata/influxdb.git;13124802;Go
openshift/origin;git://github.com/openshift/origin.git;22442668;Go
hashicorp/terraform;git://github.com/hashicorp/terraform.git;17728164;Go
vitessio/vitess;git://github.com/vitessio/vitess.git;11008207;Go
etcd-io/etcd;git://github.com/etcd-io/etcd.git;11225014;Go
hashicorp/packer;git://github.com/hashicorp/packer.git;8966356;Go
mattermost/mattermost-server;git://github.com/mattermost/mattermost-server.git;37448451;Go
ethereum/go-ethereum;git://github.com/ethereum/go-ethereum.git;15452919;Go
ipfs/go-ipfs;git://github.com/ipfs/go-ipfs.git;21233191;Go
hashicorp/vault;git://github.com/hashicorp/vault.git;31288958;Go
hashicorp/consul;git://github.com/hashicorp/consul.git;14125254;Go
hyperledger/fabric;git://github.com/hyperledger/fabric.git;66573241;Go
elastic/beats;git://github.com/elastic/beats.git;16554739;Go
pingcap/tidb;git://github.com/pingcap/tidb.git;41986369;Go
kubernetes/kops;git://github.com/kubernetes/kops.git;62091339;Go
flynn/flynn;git://github.com/flynn/flynn.git;11290232;Go
go-gitea/gitea;git://github.com/go-gitea/gitea.git;72495579;Go
git-lfs/git-lfs;git://github.com/git-lfs/git-lfs.git;13021798;Go
linuxkit/linuxkit;git://github.com/linuxkit/linuxkit.git;46932243;Go
istio/istio;git://github.com/istio/istio.git;74175805;Go
weaveworks/weave;git://github.com/weaveworks/weave.git;23059575;Go
getlantern/lantern;git://github.com/getlantern/lantern.git;1380117;Go
goharbor/harbor;git://github.com/goharbor/harbor.git;50613991;Go
prometheus/prometheus;git://github.com/prometheus/prometheus.git;6838921;Go
minio/minio;git://github.com/minio/minio.git;29261473;Go
rkt/rkt;git://github.com/rkt/rkt.git;26509369;Go
syncthing/syncthing;git://github.com/syncthing/syncthing.git;14712850;Go
gogs/gogs;git://github.com/gogs/gogs.git;16752620;Go
astaxie/build-web-application-with-golang;git://github.com/astaxie/build-web-application-with-golang.git;5271882;Go
gradle/gradle;git://github.com/gradle/gradle.git;302322;Groovy
jgm/pandoc;git://github.com/jgm/pandoc.git;571770;Haskell
elm/compiler;git://github.com/elm/compiler.git;4072305;Haskell
guardian/frontend;git://github.com/guardian/frontend.git;4370755;HTML
zurb/foundation-sites;git://github.com/zurb/foundation-sites.git;2573058;HTML
swagger-api/swagger-codegen;git://github.com/swagger-api/swagger-codegen.git;2006876;HTML
google/WebFundamentals;git://github.com/google/WebFundamentals.git;19249835;HTML
Polymer/polymer;git://github.com/Polymer/polymer.git;5532320;HTML
aosp-mirror/platform_frameworks_base;git://github.com/aosp-mirror/platform_frameworks_base.git;65885;Java
neo4j/neo4j;git://github.com/neo4j/neo4j.git;6650539;Java
elastic/elasticsearch;git://github.com/elastic/elasticsearch.git;507775;Java
oracle/graal;git://github.com/oracle/graal.git;49662222;Java
jenkinsci/jenkins;git://github.com/jenkinsci/jenkins.git;1103607;Java
apache/cassandra;git://github.com/apache/cassandra.git;206424;Java
deeplearning4j/deeplearning4j;git://github.com/deeplearning4j/deeplearning4j.git;14734876;Java
SeleniumHQ/selenium;git://github.com/SeleniumHQ/selenium.git;7613257;Java
apache/hadoop;git://github.com/apache/hadoop.git;23418517;Java
bazelbuild/bazel;git://github.com/bazelbuild/bazel.git;20773773;Java
spring-projects/spring-boot;git://github.com/spring-projects/spring-boot.git;6296790;Java
facebook/buck;git://github.com/facebook/buck.git;9504214;Java
spring-projects/spring-framework;git://github.com/spring-projects/spring-framework.git;1148753;Java
apache/flink;git://github.com/apache/flink.git;20587599;Java
apache/incubator-shardingsphere;git://github.com/apache/incubator-shardingsphere.git;49876476;Java
prestodb/presto;git://github.com/prestodb/presto.git;5349565;Java
stanfordnlp/CoreNLP;git://github.com/stanfordnlp/CoreNLP.git;11008076;Java
apereo/cas;git://github.com/apereo/cas.git;2352744;Java
libgdx/libgdx;git://github.com/libgdx/libgdx.git;5373551;Java
dbeaver/dbeaver;git://github.com/dbeaver/dbeaver.git;44662669;Java
eugenp/tutorials;git://github.com/eugenp/tutorials.git;9754983;Java
naver/pinpoint;git://github.com/naver/pinpoint.git;25459400;Java
apache/storm;git://github.com/apache/storm.git;14135470;Java
netty/netty;git://github.com/netty/netty.git;1064563;Java
apache/incubator-druid;git://github.com/apache/incubator-druid.git;6358188;Java
facebook/litho;git://github.com/facebook/litho.git;80179724;Java
realm/realm-java;git://github.com/realm/realm-java.git;4084908;Java
eclipse/che;git://github.com/eclipse/che.git;32935745;Java
dianping/cat;git://github.com/dianping/cat.git;7010724;Java
antlr/antlr4;git://github.com/antlr/antlr4.git;501687;Java
arduino/Arduino;git://github.com/arduino/Arduino.git;919161;Java
zaproxy/zaproxy;git://github.com/zaproxy/zaproxy.git;36817565;Java
b3log/symphony;git://github.com/b3log/symphony.git;4899072;Java
apache/kafka;git://github.com/apache/kafka.git;2211243;Java
alibaba/druid;git://github.com/alibaba/druid.git;2700159;Java
google/ExoPlayer;git://github.com/google/ExoPlayer.git;20818126;Java
ReactiveX/RxJava;git://github.com/ReactiveX/RxJava.git;7508411;Java
mockito/mockito;git://github.com/mockito/mockito.git;6207167;Java
odoo/odoo;git://github.com/odoo/odoo.git;19745004;JavaScript
atom/atom;git://github.com/atom/atom.git;3228505;JavaScript
Automattic/wp-calypso;git://github.com/Automattic/wp-calypso.git;45936895;JavaScript
mrdoob/three.js;git://github.com/mrdoob/three.js.git;576201;JavaScript
nodejs/node;git://github.com/nodejs/node.git;27193779;JavaScript
elastic/kibana;git://github.com/elastic/kibana.git;7833168;JavaScript
freeCodeCamp/freeCodeCamp;git://github.com/freeCodeCamp/freeCodeCamp.git;28457823;JavaScript
meteor/meteor;git://github.com/meteor/meteor.git;3214406;JavaScript
ccxt/ccxt;git://github.com/ccxt/ccxt.git;91253698;JavaScript
twbs/bootstrap;git://github.com/twbs/bootstrap.git;2126244;JavaScript
HabitRPG/habitica;git://github.com/HabitRPG/habitica.git;4578898;JavaScript
emberjs/ember.js;git://github.com/emberjs/ember.js.git;1801829;JavaScript
NodeBB/NodeBB;git://github.com/NodeBB/NodeBB.git;9603889;JavaScript
plotly/plotly.js;git://github.com/plotly/plotly.js.git;45646037;JavaScript
jhipster/generator-jhipster;git://github.com/jhipster/generator-jhipster.git;13753636;JavaScript
adobe/brackets;git://github.com/adobe/brackets.git;2935735;JavaScript
storybooks/storybook;git://github.com/storybooks/storybook.git;54173593;JavaScript
RocketChat/Rocket.Chat;git://github.com/RocketChat/Rocket.Chat.git;35866694;JavaScript
facebook/react-native;git://github.com/facebook/react-native.git;29028775;JavaScript
facebookarchive/nuclide;git://github.com/facebookarchive/nuclide.git;31524768;JavaScript
highcharts/highcharts;git://github.com/highcharts/highcharts.git;715547;JavaScript
jupyterlab/jupyterlab;git://github.com/jupyterlab/jupyterlab.git;60374819;JavaScript
jquery/jquery-mobile;git://github.com/jquery/jquery-mobile.git;907410;JavaScript
ptmt/react-native-macos;git://github.com/ptmt/react-native-macos.git;43640830;JavaScript
withspectrum/spectrum;git://github.com/withspectrum/spectrum.git;62260083;JavaScript
reactioncommerce/reaction;git://github.com/reactioncommerce/reaction.git;12926963;JavaScript
ampproject/amphtml;git://github.com/ampproject/amphtml.git;41766002;JavaScript
photonstorm/phaser;git://github.com/photonstorm/phaser.git;9393759;JavaScript
babel/babel;git://github.com/babel/babel.git;24560307;JavaScript
Microsoft/ChakraCore;git://github.com/Microsoft/ChakraCore.git;49086513;JavaScript
mozilla/pdf.js;git://github.com/mozilla/pdf.js.git;1663468;JavaScript
jupyter/notebook;git://github.com/jupyter/notebook.git;33653601;JavaScript
facebook/react;git://github.com/facebook/react.git;10270250;JavaScript
Automattic/mongoose;git://github.com/Automattic/mongoose.git;597879;JavaScript
serverless/serverless;git://github.com/serverless/serverless.git;34302698;JavaScript
brave/browser-laptop;git://github.com/brave/browser-laptop.git;46891997;JavaScript
OnsenUI/OnsenUI;git://github.com/OnsenUI/OnsenUI.git;12755139;JavaScript
TryGhost/Ghost;git://github.com/TryGhost/Ghost.git;9852918;JavaScript
mui-org/material-ui;git://github.com/mui-org/material-ui.git;23083156;JavaScript
angular/angular.js;git://github.com/angular/angular.js.git;460078;JavaScript
keystonejs/keystone;git://github.com/keystonejs/keystone.git;11116372;JavaScript
huluoyang/freecodecamp.cn;git://github.com/huluoyang/freecodecamp.cn.git;55026106;JavaScript
gatsbyjs/gatsby;git://github.com/gatsbyjs/gatsby.git;36040894;JavaScript
sequelize/sequelize;git://github.com/sequelize/sequelize.git;790359;JavaScript
lodash/lodash;git://github.com/lodash/lodash.git;3955647;JavaScript
webpack/webpack;git://github.com/webpack/webpack.git;3678731;JavaScript
ajaxorg/ace;git://github.com/ajaxorg/ace.git;1028340;JavaScript
strapi/strapi;git://github.com/strapi/strapi.git;43441403;JavaScript
adambard/learnxinyminutes-docs;git://github.com/adambard/learnxinyminutes-docs.git;10974951;JavaScript
paperjs/paper.js;git://github.com/paperjs/paper.js.git;1338813;JavaScript
jquery/jquery-ui;git://github.com/jquery/jquery-ui.git;478996;JavaScript
balderdashy/sails;git://github.com/balderdashy/sails.git;3757512;JavaScript
eslint/eslint;git://github.com/eslint/eslint.git;11061773;JavaScript
vuetifyjs/vuetify;git://github.com/vuetifyjs/vuetify.git;67962648;JavaScript
appium/appium;git://github.com/appium/appium.git;7530570;JavaScript
Leaflet/Leaflet;git://github.com/Leaflet/Leaflet.git;931135;JavaScript
Semantic-Org/Semantic-UI;git://github.com/Semantic-Org/Semantic-UI.git;9309093;JavaScript
handsontable/handsontable;git://github.com/handsontable/handsontable.git;1790564;JavaScript
codemirror/CodeMirror;git://github.com/codemirror/CodeMirror.git;1254497;JavaScript
processing/p5.js;git://github.com/processing/p5.js.git;8424040;JavaScript
botpress/botpress;git://github.com/botpress/botpress.git;73964895;JavaScript
gorhill/uBlock;git://github.com/gorhill/uBlock.git;33263118;JavaScript
jquery/jquery;git://github.com/jquery/jquery.git;167174;JavaScript
VulcanJS/Vulcan;git://github.com/VulcanJS/Vulcan.git;5710848;JavaScript
nylas/nylas-mail;git://github.com/nylas/nylas-mail.git;25315643;JavaScript
FormidableLabs/victory;git://github.com/FormidableLabs/victory.git;38460192;JavaScript
infernojs/inferno;git://github.com/infernojs/inferno.git;30161665;JavaScript
transloadit/uppy;git://github.com/transloadit/uppy.git;46273445;JavaScript
ractivejs/ractive;git://github.com/ractivejs/ractive.git;5245894;JavaScript
expressjs/express;git://github.com/expressjs/express.git;237159;JavaScript
YMFE/yapi;git://github.com/YMFE/yapi.git;59996401;JavaScript
trufflesuite/truffle;git://github.com/trufflesuite/truffle.git;38267641;JavaScript
hapijs/hapi;git://github.com/hapijs/hapi.git;2163263;JavaScript
nasa/openmct;git://github.com/nasa/openmct.git;36753839;JavaScript
highlightjs/highlight.js;git://github.com/highlightjs/highlight.js.git;1213225;JavaScript
ether/etherpad-lite;git://github.com/ether/etherpad-lite.git;1529160;JavaScript
aframevr/aframe;git://github.com/aframevr/aframe.git;42488903;JavaScript
apache/incubator-echarts;git://github.com/apache/incubator-echarts.git;9185792;JavaScript
quilljs/quill;git://github.com/quilljs/quill.git;5239185;JavaScript
material-components/material-components-web;git://github.com/material-components/material-components-web.git;75642389;JavaScript
vega/vega;git://github.com/vega/vega.git;7994556;JavaScript
JuliaLang/julia;git://github.com/JuliaLang/julia.git;1644196;Julia
OpenGenus/cosmos;git://github.com/OpenGenus/cosmos.git;103749180;Jupyter Notebook
JetBrains/kotlin;git://github.com/JetBrains/kotlin.git;3432266;Kotlin
nim-lang/Nim;git://github.com/nim-lang/Nim.git;842037;Nim
JetBrains/intellij-community;git://github.com/JetBrains/intellij-community.git;2489216;NULL
Homebrew/legacy-homebrew;git://github.com/Homebrew/legacy-homebrew.git;206084;NULL
cdnjs/cdnjs;git://github.com/cdnjs/cdnjs.git;1409811;NULL
greatfire/wiki;git://github.com/greatfire/wiki.git;15100395;NULL
firstcontributions/first-contributions;git://github.com/firstcontributions/first-contributions.git;68720867;NULL
zendframework/zendframework;git://github.com/zendframework/zendframework.git;702550;NULL
xitu/gold-miner;git://github.com/xitu/gold-miner.git;45512989;NULL
npm/npm;git://github.com/npm/npm.git;321278;NULL
RMerl/asuswrt-merlin;git://github.com/RMerl/asuswrt-merlin.git;4682742;NULL
realm/realm-cocoa;git://github.com/realm/realm-cocoa.git;4044891;Objective-C
gnachman/iTerm2;git://github.com/gnachman/iTerm2.git;1580036;Objective-C
OpenEmu/OpenEmu;git://github.com/OpenEmu/OpenEmu.git;1185279;Objective-C
expo/expo;git://github.com/expo/expo.git;65750241;Objective-C
textmate/textmate;git://github.com/textmate/textmate.git;5344375;Objective-C++
facebook/flow;git://github.com/facebook/flow.git;25880891;OCaml
facebook/infer;git://github.com/facebook/infer.git;29857799;OCaml
magento/magento2;git://github.com/magento/magento2.git;2884111;PHP
nextcloud/server;git://github.com/nextcloud/server.git;60243197;PHP
symfony/symfony;git://github.com/symfony/symfony.git;458058;PHP
owncloud/core;git://github.com/owncloud/core.git;5550552;PHP
WordPress/WordPress;git://github.com/WordPress/WordPress.git;2889328;PHP
cakephp/cakephp;git://github.com/cakephp/cakephp.git;656494;PHP
woocommerce/woocommerce;git://github.com/woocommerce/woocommerce.git;2179920;PHP
matomo-org/matomo;git://github.com/matomo-org/matomo.git;1548202;PHP
laravel/framework;git://github.com/laravel/framework.git;7548986;PHP
yiisoft/yii2;git://github.com/yiisoft/yii2.git;3431193;PHP
Sylius/Sylius;git://github.com/Sylius/Sylius.git;2717549;PHP
phacility/phabricator;git://github.com/phacility/phabricator.git;1280180;PHP
doctrine/orm;git://github.com/doctrine/orm.git;597887;PHP
sebastianbergmann/phpunit;git://github.com/sebastianbergmann/phpunit.git;448045;PHP
phalcon/cphalcon;git://github.com/phalcon/cphalcon.git;2854337;PHP
bcit-ci/CodeIgniter;git://github.com/bcit-ci/CodeIgniter.git;2234102;PHP
composer/composer;git://github.com/composer/composer.git;1864363;PHP
CachetHQ/Cachet;git://github.com/CachetHQ/Cachet.git;26730195;PHP
laravel/laravel;git://github.com/laravel/laravel.git;1863329;PHP
squizlabs/PHP_CodeSniffer;git://github.com/squizlabs/PHP_CodeSniffer.git;2699935;PHP
FriendsOfPHP/PHP-CS-Fixer;git://github.com/FriendsOfPHP/PHP-CS-Fixer.git;4344257;PHP
lukesampson/scoop;git://github.com/lukesampson/scoop.git;9994688;PowerShell
saltstack/salt;git://github.com/saltstack/salt.git;1390248;Python
python/cpython;git://github.com/python/cpython.git;81598961;Python
ansible/ansible;git://github.com/ansible/ansible.git;3638964;Python
kovidgoyal/calibre;git://github.com/kovidgoyal/calibre.git;10332822;Python
sympy/sympy;git://github.com/sympy/sympy.git;640534;Python
zulip/zulip;git://github.com/zulip/zulip.git;43160685;Python
matplotlib/matplotlib;git://github.com/matplotlib/matplotlib.git;1385122;Python
Theano/Theano;git://github.com/Theano/Theano.git;2183193;Python
django/django;git://github.com/django/django.git;4164482;Python
getsentry/sentry;git://github.com/getsentry/sentry.git;873328;Python
scikit-learn/scikit-learn;git://github.com/scikit-learn/scikit-learn.git;843222;Python
ipython/ipython;git://github.com/ipython/ipython.git;658518;Python
scipy/scipy;git://github.com/scipy/scipy.git;1460385;Python
ansible/awx;git://github.com/ansible/awx.git;91594105;Python
pandas-dev/pandas;git://github.com/pandas-dev/pandas.git;858127;Python
home-assistant/home-assistant;git://github.com/home-assistant/home-assistant.git;12888993;Python
bokeh/bokeh;git://github.com/bokeh/bokeh.git;3834332;Python
ytdl-org/youtube-dl;git://github.com/ytdl-org/youtube-dl.git;1039520;Python
divio/django-cms;git://github.com/divio/django-cms.git;143580;Python
nltk/nltk;git://github.com/nltk/nltk.git;299862;Python
samuelclay/NewsBlur;git://github.com/samuelclay/NewsBlur.git;101248;Python
kivy/kivy;git://github.com/kivy/kivy.git;1049095;Python
rtfd/readthedocs.org;git://github.com/rtfd/readthedocs.org.git;841835;Python
celery/celery;git://github.com/celery/celery.git;184460;Python
certbot/certbot;git://github.com/certbot/certbot.git;26516210;Python
wagtail/wagtail;git://github.com/wagtail/wagtail.git;16479108;Python
explosion/spaCy;git://github.com/explosion/spaCy.git;21467110;Python
sqlmapproject/sqlmap;git://github.com/sqlmapproject/sqlmap.git;4793392;Python
beetbox/beets;git://github.com/beetbox/beets.git;827590;Python
python-pillow/Pillow;git://github.com/python-pillow/Pillow.git;5171600;Python
mitmproxy/mitmproxy;git://github.com/mitmproxy/mitmproxy.git;519832;Python
reddit-archive/reddit;git://github.com/reddit-archive/reddit.git;26554;Python
encode/django-rest-framework;git://github.com/encode/django-rest-framework.git;1431547;Python
mopidy/mopidy;git://github.com/mopidy/mopidy.git;447036;Python
python/mypy;git://github.com/python/mypy.git;7053637;Python
boto/boto;git://github.com/boto/boto.git;771016;Python
pypa/pip;git://github.com/pypa/pip.git;1446467;Python
scrapy/scrapy;git://github.com/scrapy/scrapy.git;529502;Python
pyinstaller/pyinstaller;git://github.com/pyinstaller/pyinstaller.git;2835111;Python
aws/aws-cli;git://github.com/aws/aws-cli.git;6780767;Python
numenta/nupic;git://github.com/numenta/nupic.git;9252533;Python
getredash/redash;git://github.com/getredash/redash.git;13926404;Python
aio-libs/aiohttp;git://github.com/aio-libs/aiohttp.git;13258039;Python
mailpile/Mailpile;git://github.com/mailpile/Mailpile.git;2677676;Python
apache/airflow;git://github.com/apache/airflow.git;33884891;Python
pypa/pipenv;git://github.com/pypa/pipenv.git;79510167;Python
quantopian/zipline;git://github.com/quantopian/zipline.git;6297520;Python
deis/deis;git://github.com/deis/deis.git;11589713;Python
networkx/networkx;git://github.com/networkx/networkx.git;890377;Python
kennethreitz/requests;git://github.com/kennethreitz/requests.git;1362490;Python
docker/compose;git://github.com/docker/compose.git;15045751;Python
keras-team/keras;git://github.com/keras-team/keras.git;33015583;Python
Homebrew/homebrew-core;git://github.com/Homebrew/homebrew-core.git;52855516;Ruby
gitlabhq/gitlabhq;git://github.com/gitlabhq/gitlabhq.git;2500088;Ruby
Homebrew/homebrew-cask;git://github.com/Homebrew/homebrew-cask.git;3623050;Ruby
rails/rails;git://github.com/rails/rails.git;8514;Ruby
ruby/ruby;git://github.com/ruby/ruby.git;538746;Ruby
rapid7/metasploit-framework;git://github.com/rapid7/metasploit-framework.git;2293158;Ruby
discourse/discourse;git://github.com/discourse/discourse.git;7569578;Ruby
puppetlabs/puppet;git://github.com/puppetlabs/puppet.git;910744;Ruby
chef/chef;git://github.com/chef/chef.git;108278;Ruby
diaspora/diaspora;git://github.com/diaspora/diaspora.git;911765;Ruby
spree/spree;git://github.com/spree/spree.git;3314;Ruby
Homebrew/brew;git://github.com/Homebrew/brew.git;53238813;Ruby
fastlane/fastlane;git://github.com/fastlane/fastlane.git;27442967;Ruby
hashicorp/vagrant;git://github.com/hashicorp/vagrant.git;481872;Ruby
jekyll/jekyll;git://github.com/jekyll/jekyll.git;65252;Ruby
elastic/logstash;git://github.com/elastic/logstash.git;1090311;Ruby
CocoaPods/CocoaPods;git://github.com/CocoaPods/CocoaPods.git;2203645;Ruby
rubocop-hq/rubocop;git://github.com/rubocop-hq/rubocop.git;4095287;Ruby
cucumber/cucumber-ruby;git://github.com/cucumber/cucumber-ruby.git;10664;Ruby
tootsuite/mastodon;git://github.com/tootsuite/mastodon.git;52281283;Ruby
sass/sass;git://github.com/sass/sass.git;929845;Ruby
activeadmin/activeadmin;git://github.com/activeadmin/activeadmin.git;611921;Ruby
github/linguist;git://github.com/github/linguist.git;1725199;Ruby
rust-lang/rust;git://github.com/rust-lang/rust.git;724712;Rust
servo/servo;git://github.com/servo/servo.git;3390243;Rust
paritytech/parity-ethereum;git://github.com/paritytech/parity-ethereum.git;46714939;Rust
scala/scala;git://github.com/scala/scala.git;2888818;Scala
ornicar/lila;git://github.com/ornicar/lila.git;3507455;Scala
apache/spark;git://github.com/apache/spark.git;17165658;Scala
akka/akka;git://github.com/akka/akka.git;130013;Scala
prisma/prisma;git://github.com/prisma/prisma.git;69164196;Scala
playframework/playframework;git://github.com/playframework/playframework.git;2340549;Scala
twitter/finagle;git://github.com/twitter/finagle.git;1007362;Scala
fish-shell/fish-shell;git://github.com/fish-shell/fish-shell.git;4279682;Shell
kaldi-asr/kaldi;git://github.com/kaldi-asr/kaldi.git;34275045;Shell
RetroPie/RetroPie-Setup;git://github.com/RetroPie/RetroPie-Setup.git;5143809;Shell
helm/charts;git://github.com/helm/charts.git;46806184;Smarty
CatchChat/Yep;git://github.com/CatchChat/Yep.git;32262438;Swift
ReactiveCocoa/ReactiveCocoa;git://github.com/ReactiveCocoa/ReactiveCocoa.git;3606624;Swift
mozilla-mobile/firefox-ios;git://github.com/mozilla-mobile/firefox-ios.git;26133979;Swift
vsouza/awesome-ios;git://github.com/vsouza/awesome-ios.git;21700699;Swift
vapor/vapor;git://github.com/vapor/vapor.git;49910095;Swift
DefinitelyTyped/DefinitelyTyped;git://github.com/DefinitelyTyped/DefinitelyTyped.git;6093316;TypeScript
Microsoft/vscode;git://github.com/Microsoft/vscode.git;41881900;TypeScript
Microsoft/TypeScript;git://github.com/Microsoft/TypeScript.git;20929025;TypeScript
grafana/grafana;git://github.com/grafana/grafana.git;15111821;TypeScript
desktop/desktop;git://github.com/desktop/desktop.git;58559694;TypeScript
BabylonJS/Babylon.js;git://github.com/BabylonJS/Babylon.js.git;11007313;TypeScript
ant-design/ant-design;git://github.com/ant-design/ant-design.git;34526884;TypeScript
angular/angular;git://github.com/angular/angular.git;24195339;TypeScript
tinymce/tinymce;git://github.com/tinymce/tinymce.git;467471;TypeScript
ionic-team/ionic;git://github.com/ionic-team/ionic.git;12256376;TypeScript
Foundry376/Mailspring;git://github.com/Foundry376/Mailspring.git;70777180;TypeScript
primefaces/primeng;git://github.com/primefaces/primeng.git;49767244;TypeScript
apollographql/apollo-client;git://github.com/apollographql/apollo-client.git;52630616;TypeScript
angular/material2;git://github.com/angular/material2.git;49016322;TypeScript
NativeScript/NativeScript;git://github.com/NativeScript/NativeScript.git;31492490;TypeScript
neovim/neovim;git://github.com/neovim/neovim.git;16408992;Vim script
vim/vim;git://github.com/vim/vim.git;40997482;Vim script
EOSIO/eos;git://github.com/EOSIO/eos.git;87335980;WebAssembly