;commits;description;forks_count;full_name;git_url;homepage;id;language;master_branch;name;size;stargazers_count;subscribers_count;url;watchers_count
0;13368;"The ""REST With Spring"" Course: ";20982;eugenp/tutorials;git://github.com/eugenp/tutorials.git;http://bit.ly/restwithspring;9754983;Java;;tutorials;210873;14326;1218;https://api.github.com/repos/eugenp/tutorials;14326
8;13628;Desktop/Android/HTML5/iOS Java game development framework;5827;libgdx/libgdx;git://github.com/libgdx/libgdx.git;http://www.libgdx.com/;5373551;Java;;libgdx;1023461;15414;1315;https://api.github.com/repos/libgdx/libgdx;15414
16;23852;A browser automation framework and ecosystem.;4850;SeleniumHQ/selenium;git://github.com/SeleniumHQ/selenium.git;https://www.seleniumhq.org;7613257;Java;;selenium;1783457;14458;1294;https://api.github.com/repos/SeleniumHQ/selenium;14458
21;8014;Web APIs for Django. ‚ö°Ô∏è;4215;encode/django-rest-framework;git://github.com/encode/django-rest-framework.git;https://www.django-rest-framework.org;1431547;Python;;django-rest-framework;41430;14210;532;https://api.github.com/repos/encode/django-rest-framework;14210
43;8867;Automatic SQL injection and database takeover tool;3087;sqlmapproject/sqlmap;git://github.com/sqlmapproject/sqlmap.git;http://sqlmap.org;4793392;Python;;sqlmap;65068;14247;880;https://api.github.com/repos/sqlmapproject/sqlmap;14247
47;10955;Open source Slack-alternative in Golang and React - Mattermost;2929;mattermost/mattermost-server;git://github.com/mattermost/mattermost-server.git;https://mattermost.com;37448451;Go;;mattermost-server;327095;14785;495;https://api.github.com/repos/mattermost/mattermost-server;14785
49;9947;Consul is a distributed, highly available, and data center aware solution to connect and configure applications across dynamic, distributed infrastructure.;2771;hashicorp/consul;git://github.com/hashicorp/consul.git;https://www.consul.io;14125254;Go;;consul;84008;15992;872;https://api.github.com/repos/hashicorp/consul;15992
50;7956;historical code from reddit.com;2759;reddit-archive/reddit;git://github.com/reddit-archive/reddit.git;;26554;Python;;reddit;40093;14991;738;https://api.github.com/repos/reddit-archive/reddit;14991
55;5351;Javascript syntax highlighter;2437;highlightjs/highlight.js;git://github.com/highlightjs/highlight.js.git;https://highlightjs.org/;1213225;JavaScript;;highlight.js;9045;14321;317;https://api.github.com/repos/highlightjs/highlight.js;14321
56;6927;A fully pluggable tool for identifying and reporting on patterns in JavaScript;2414;eslint/eslint;git://github.com/eslint/eslint.git;https://eslint.org;11061773;JavaScript;;eslint;21648;14052;290;https://api.github.com/repos/eslint/eslint;14052
58;8736;Node.js CMS and web app framework;2323;keystonejs/keystone;git://github.com/keystonejs/keystone.git;http://www.keystonejs.com;11116372;JavaScript;;keystone;152045;14406;546;https://api.github.com/repos/keystonejs/keystone;14406
59;5226;Dear ImGui: Bloat-free Immediate Mode Graphical User interface for C++ with minimal dependencies;2258;ocornut/imgui;git://github.com/ocornut/imgui.git;;22067521;C++;;imgui;41160;15289;795;https://api.github.com/repos/ocornut/imgui;15289
63;15632;Elixir is a dynamic, functional language designed for building scalable and maintainable applications;2202;elixir-lang/elixir;git://github.com/elixir-lang/elixir.git;http://elixir-lang.org/;1234714;Elixir;;elixir;40319;15305;723;https://api.github.com/repos/elixir-lang/elixir;15305
65;37178;The Servo Browser Engine;2160;servo/servo;git://github.com/servo/servo.git;https://servo.org/;3390243;Rust;;servo;904617;14134;490;https://api.github.com/repos/servo/servo;14134
74;18094;The simplest, fastest way to get business intelligence and analytics  to everyone in your company :yum:;1997;metabase/metabase;git://github.com/metabase/metabase.git;https://metabase.com;30203935;Clojure;;metabase;98177;15062;530;https://api.github.com/repos/metabase/metabase;15062
78;8011;An interactive TLS-capable intercepting HTTP proxy for penetration testers and software developers.;1957;mitmproxy/mitmproxy;git://github.com/mitmproxy/mitmproxy.git;https://mitmproxy.org/;519832;Python;;mitmproxy;45071;15110;531;https://api.github.com/repos/mitmproxy/mitmproxy;15110
86;12330;Universal markup converter;1761;jgm/pandoc;git://github.com/jgm/pandoc.git;https://pandoc.org;571770;Haskell;;pandoc;36837;15613;479;https://api.github.com/repos/jgm/pandoc;15613
88;5005;SQL powered operating system instrumentation, monitoring, and analytics.;1721;facebook/osquery;git://github.com/facebook/osquery.git;https://osquery.io;22394357;C++;;osquery;18746;14203;707;https://api.github.com/repos/facebook/osquery;14203
91;5246;aria2 is a lightweight multi-protocol & multi-source, cross platform download utility operated in command-line. It supports HTTP/HTTPS, FTP, SFTP, BitTorrent and Metalink.;1654;aria2/aria2;git://github.com/aria2/aria2.git;https://aria2.github.io/;1116542;C++;;aria2;28225;14898;642;https://api.github.com/repos/aria2/aria2;14898
92;7604;üöÄ Open source Node.js Headless CMS to easily build customisable APIs;1652;strapi/strapi;git://github.com/strapi/strapi.git;https://strapi.io;43441403;JavaScript;;strapi;86776;14434;387;https://api.github.com/repos/strapi/strapi;14434
100;7537;Git with a cup of tea, painless self-hosted git service;1511;go-gitea/gitea;git://github.com/go-gitea/gitea.git;https://gitea.io;72495579;Go;;gitea;134852;14077;428;https://api.github.com/repos/go-gitea/gitea;14077
132;10847;üíæ Database Tools incl. ORM, Migrations and Admin UI (Postgres, MySQL & MongoDB);836;prisma/prisma;git://github.com/prisma/prisma.git;https://www.prisma.io;69164196;Scala;;prisma;177868;14305;57;https://api.github.com/repos/prisma/prisma;14305
150;9950;Open Source PHP Framework (originally from EllisLab);7704;bcit-ci/CodeIgniter;git://github.com/bcit-ci/CodeIgniter.git;https://codeigniter.com/;2234102;PHP;;CodeIgniter;52371;17302;1760;https://api.github.com/repos/bcit-ci/CodeIgniter;17302
153;24491;;6487;laravel/framework;git://github.com/laravel/framework.git;https://laravel.com;7548986;PHP;;framework;38690;17411;1064;https://api.github.com/repos/laravel/framework;17411
155;9666;"Lightweight, Portable, Flexible Distributed/Mobile Deep Learning with Dynamic, Mutation-aware Dataflow Dep Scheduler; for Python, R, Julia, Scala, Go, Javascript and more";6051;apache/incubator-mxnet;git://github.com/apache/incubator-mxnet.git;https://mxnet.apache.org;34864402;C++;;incubator-mxnet;58261;16983;1172;https://api.github.com/repos/apache/incubator-mxnet;16983
156;5973;ÈòøÈáåÂ∑¥Â∑¥Êï∞ÊçÆÂ∫ì‰∫ã‰∏öÈÉ®Âá∫ÂìÅÔºå‰∏∫ÁõëÊéßËÄåÁîüÁöÑÊï∞ÊçÆÂ∫ìËøûÊé•Ê±†„ÄÇÈòøÈáå‰∫ëData Lake Analytics(https://www.aliyun.com/product/datalakeanalytics )„ÄÅDRDS„ÄÅTDDL ËøûÊé•Ê±†powered by Druid ;6009;alibaba/druid;git://github.com/alibaba/druid.git;https://github.com/alibaba/druid/wiki;2700159;Java;;druid;53813;16924;1750;https://api.github.com/repos/alibaba/druid;16924
162;33527;CoreFX is the foundational class libraries for .NET Core. It includes types for collections, file systems, console, JSON, XML, async and many others.;4978;dotnet/corefx;git://github.com/dotnet/corefx.git;https://docs.microsoft.com/dotnet/core/;26295345;C#;;corefx;216078;16634;1557;https://api.github.com/repos/dotnet/corefx;16634
165;24105;Terraform enables you to safely and predictably create, change, and improve infrastructure. It is an open source tool that codifies APIs into declarative configuration files that can be shared amongst team members, treated as code, edited, reviewed, and versioned.;4688;hashicorp/terraform;git://github.com/hashicorp/terraform.git;https://www.terraform.io/;17728164;Go;;terraform;163381;17010;994;https://api.github.com/repos/hashicorp/terraform;17010
167;7431;A community-driven Emacs distribution - The best editor is neither Emacs nor Vim,  it's Emacs *and* Vim!;4384;syl20bnr/spacemacs;git://github.com/syl20bnr/spacemacs.git;http://spacemacs.org;7212645;Emacs Lisp;;spacemacs;44161;17769;614;https://api.github.com/repos/syl20bnr/spacemacs;17769
169;16090;Microsoft Cognitive Toolkit (CNTK), an open source deep-learning toolkit;4284;microsoft/CNTK;git://github.com/microsoft/CNTK.git;https://docs.microsoft.com/cognitive-toolkit/;46918116;C++;;CNTK;932028;16163;1388;https://api.github.com/repos/microsoft/CNTK;16163
172;46792;The MongoDB Database;4048;mongodb/mongo;git://github.com/mongodb/mongo.git;https://www.mongodb.com/;108110;C++;;mongo;472800;16070;1212;https://api.github.com/repos/mongodb/mongo;16070
173;18634;üç∫ The missing package manager for macOS (or Linux);3950;Homebrew/brew;git://github.com/Homebrew/brew.git;https://brew.sh;53238813;Ruby;;brew;29930;17718;565;https://api.github.com/repos/Homebrew/brew;17718
175;6469;In-browser code editor;3891;codemirror/CodeMirror;git://github.com/codemirror/CodeMirror.git;http://codemirror.net/;1254497;JavaScript;;CodeMirror;17271;17649;650;https://api.github.com/repos/codemirror/CodeMirror;17649
185;8340;This repository is moving to: https://github.com/npm/cli;3168;npm/npm;git://github.com/npm/npm.git;http://npm.community/;321278;;;npm;47202;17158;863;https://api.github.com/repos/npm/npm;17158
188;7215;Your self-hosted, globally interconnected microblogging community;3110;tootsuite/mastodon;git://github.com/tootsuite/mastodon.git;https://joinmastodon.org;52281283;Ruby;;mastodon;72504;17732;615;https://api.github.com/repos/tootsuite/mastodon;17732
195;7864;Connect, secure, control, and observe services.;2911;istio/istio;git://github.com/istio/istio.git;https://istio.io;74175805;Go;;istio;91187;17726;887;https://api.github.com/repos/istio/istio;17726
196;32138;A virtual machine for executing programs written in Hack.;2843;facebook/hhvm;git://github.com/facebook/hhvm.git;https://hhvm.com;455600;C++;;hhvm;346960;16022;1119;https://api.github.com/repos/facebook/hhvm;16022
207;5331;Define and run multi-container applications with Docker;2480;docker/compose;git://github.com/docker/compose.git;https://docs.docker.com/compose/;15045751;Python;;compose;11009;16180;663;https://api.github.com/repos/docker/compose;16180
211;30308;Scalable datastore for metrics, events, and real-time analytics;2334;influxdata/influxdb;git://github.com/influxdata/influxdb.git;https://influxdata.com;13124802;Go;;influxdb;110846;16388;743;https://api.github.com/repos/influxdata/influxdb;16388
215;9900;The official Vim repository;2158;vim/vim;git://github.com/vim/vim.git;http://www.vim.org;40997482;Vim script;;vim;100153;16706;697;https://api.github.com/repos/vim/vim;16706
219;19476;Emscripten: An LLVM-to-Web Compiler;2003;emscripten-core/emscripten;git://github.com/emscripten-core/emscripten.git;;1357796;C++;;emscripten;194512;17123;629;https://api.github.com/repos/emscripten-core/emscripten;17123
223;38817;CockroachDB - the open source, cloud-native SQL database.;1789;cockroachdb/cockroach;git://github.com/cockroachdb/cockroach.git;https://www.cockroachlabs.com;16563587;Go;;cockroach;1082727;16259;709;https://api.github.com/repos/cockroachdb/cockroach;16259
231;5727;MinIO is a high performance object storage server compatible with Amazon S3 APIs;1524;minio/minio;git://github.com/minio/minio.git;https://min.io/download;29261473;Go;;minio;53866;16264;436;https://api.github.com/repos/minio/minio;16264
235;6636;uBlock Origin - An efficient blocker for Chromium and Firefox. Fast and lean.;1374;gorhill/uBlock;git://github.com/gorhill/uBlock.git;;33263118;JavaScript;;uBlock;104333;16463;711;https://api.github.com/repos/gorhill/uBlock;16463
238;6259; Python Development Workflow for Humans.;1256;pypa/pipenv;git://github.com/pypa/pipenv.git;https://docs.pipenv.org/;79510167;Python;;pipenv;230615;17031;344;https://api.github.com/repos/pypa/pipenv;17031
239;5573;NativeScript is an open source framework for building truly native mobile apps with JavaScript. Use web skills, like Angular and Vue.js, FlexBox and CSS, and get native UI and performance on iOS and Android.;1247;NativeScript/NativeScript;git://github.com/NativeScript/NativeScript.git;https://www.nativescript.org;31492490;TypeScript;;NativeScript;33103;16930;728;https://api.github.com/repos/NativeScript/NativeScript;16930
250;5232;üíß A server-side Swift web framework.;979;vapor/vapor;git://github.com/vapor/vapor.git;https://vapor.codes;49910095;Swift;;vapor;14927;16507;540;https://api.github.com/repos/vapor/vapor;16507
262;9309;Netty project - an event-driven asynchronous network application framework;8703;netty/netty;git://github.com/netty/netty.git;http://netty.io/;1064563;Java;;netty;56728;19326;1726;https://api.github.com/repos/netty/netty;19326
263;19393;Flexible and powerful data analysis / manipulation library for Python, providing labeled data structures similar to R data.frame objects, statistical functions, and much more;7772;pandas-dev/pandas;git://github.com/pandas-dev/pandas.git;https://pandas.pydata.org;858127;Python;;pandas;157750;19648;1012;https://api.github.com/repos/pandas-dev/pandas;19648
271;8416;Dependency Manager for PHP;5501;composer/composer;git://github.com/composer/composer.git;https://getcomposer.org/;1864363;PHP;;composer;14018;19779;638;https://api.github.com/repos/composer/composer;19779
278;5525;Component infrastructure and Material Design components for Angular;4669;angular/components;git://github.com/angular/components.git;https://material.angular.io;49016322;TypeScript;;components;24736;18022;1129;https://api.github.com/repos/angular/components;18022
280;7514;Ace (Ajax.org Cloud9 Editor);4356;ajaxorg/ace;git://github.com/ajaxorg/ace.git;https://ace.c9.io;1028340;JavaScript;;ace;37497;19763;636;https://api.github.com/repos/ajaxorg/ace;19763
283;12077;Vagrant is a tool for building and distributing development environments.;3721;hashicorp/vagrant;git://github.com/hashicorp/vagrant.git;https://www.vagrantup.com;481872;Ruby;;vagrant;22662;18447;799;https://api.github.com/repos/hashicorp/vagrant;18447
287;8617;Reactive extensions to Cocoa frameworks, built on top of ReactiveSwift;3520;ReactiveCocoa/ReactiveCocoa;git://github.com/ReactiveCocoa/ReactiveCocoa.git;;3606624;Swift;;ReactiveCocoa;17164;19537;896;https://api.github.com/repos/ReactiveCocoa/ReactiveCocoa;19537
295;8362;An easy-to-use multi SQL dialect ORM for Node.js;2946;sequelize/sequelize;git://github.com/sequelize/sequelize.git;http://docs.sequelizejs.com;790359;JavaScript;;sequelize;25510;18680;444;https://api.github.com/repos/sequelize/sequelize;18680
300;8399;TiDB is a distributed HTAP database compatible with the MySQL protocol ;2721;pingcap/tidb;git://github.com/pingcap/tidb.git;https://pingcap.com;41986369;Go;;tidb;132960;18786;1234;https://api.github.com/repos/pingcap/tidb;18786
301;10792;MongoDB object modeling designed to work in an asynchronous environment.;2608;Automattic/mongoose;git://github.com/Automattic/mongoose.git;http://mongoosejs.com;597879;JavaScript;;mongoose;49479;18670;549;https://api.github.com/repos/Automattic/mongoose;18670
309;6860;üêâ Material Component Framework for Vue.js 2;2123;vuetifyjs/vuetify;git://github.com/vuetifyjs/vuetify.git;https://vuetifyjs.com;67962648;JavaScript;;vuetify;48309;19014;516;https://api.github.com/repos/vuetifyjs/vuetify;19014
321;8705;Adds static typing to JavaScript to improve developer productivity and code quality.;1661;facebook/flow;git://github.com/facebook/flow.git;https://flow.org/;25880891;OCaml;;flow;50580;19509;430;https://api.github.com/repos/facebook/flow;19509
335;6715;The next open source file uploader for web browsers :dog: ;900;transloadit/uppy;git://github.com/transloadit/uppy.git;https://uppy.io;46273445;JavaScript;;uppy;245461;19464;333;https://api.github.com/repos/transloadit/uppy;19464
340;18703;The most popular HTML, CSS, and JavaScript framework for developing responsive, mobile first projects on the web.;65420;twbs/bootstrap;git://github.com/twbs/bootstrap.git;https://getbootstrap.com;2126244;JavaScript;;bootstrap;141595;133513;7314;https://api.github.com/repos/twbs/bootstrap;133513
344;8963;AngularJS - HTML enhanced for web apps!;28880;angular/angular.js;git://github.com/angular/angular.js.git;https://angularjs.org;460078;JavaScript;;angular.js;100202;59541;4222;https://api.github.com/repos/angular/angular.js;59541
346;26559;Open Source Computer Vision Library;25490;opencv/opencv;git://github.com/opencv/opencv.git;https://opencv.org;5108051;C++;;opencv;469161;35038;2456;https://api.github.com/repos/opencv/opencv;35038
347;21644;Spring Boot;24932;spring-projects/spring-boot;git://github.com/spring-projects/spring-boot.git;https://spring.io/projects/spring-boot;6296790;Java;;spring-boot;97655;38255;3278;https://api.github.com/repos/spring-projects/spring-boot;38255
348;10970;A declarative, efficient, and flexible JavaScript library for building user interfaces.;23861;facebook/react;git://github.com/facebook/react.git;https://reactjs.org;10270250;JavaScript;;react;142317;129747;6628;https://api.github.com/repos/facebook/react;129747
349;20405;Bitcoin Core integration/staging tree;23169;bitcoin/bitcoin;git://github.com/bitcoin/bitcoin.git;https://bitcoincore.org/en/download;1181927;C++;;bitcoin;126378;38447;3524;https://api.github.com/repos/bitcoin/bitcoin;38447
351;23136;The https://www.freeCodeCamp.org open source codebase and curriculum. Learn to code for free together with millions of people.;21918;freeCodeCamp/freeCodeCamp;git://github.com/freeCodeCamp/freeCodeCamp.git;;28457823;JavaScript;;freeCodeCamp;114272;302973;8415;https://api.github.com/repos/freeCodeCamp/freeCodeCamp;302973
356;27826;JavaScript 3D library.;19487;mrdoob/three.js;git://github.com/mrdoob/three.js.git;https://threejs.org/;576201;JavaScript;;three.js;715394;51818;2450;https://api.github.com/repos/mrdoob/three.js;51818
358;24380;Apache Spark;19008;apache/spark;git://github.com/apache/spark.git;;17165658;Scala;;spark;297977;21981;2147;https://api.github.com/repos/apache/spark;21981
359;18740;Spring Framework;18753;spring-projects/spring-framework;git://github.com/spring-projects/spring-framework.git;https://spring.io/projects/spring-framework;1148753;Java;;spring-framework;135369;29357;3367;https://api.github.com/repos/spring-projects/spring-framework;29357
362;6403;jQuery JavaScript Library;18153;jquery/jquery;git://github.com/jquery/jquery.git;https://jquery.com/;167174;JavaScript;;jquery;29553;51626;3484;https://api.github.com/repos/jquery/jquery;51626
363;26979;The Web framework for perfectionists with deadlines.;17978;django/django;git://github.com/django/django.git;https://www.djangoproject.com/;4164482;Python;;django;188239;41738;2168;https://api.github.com/repos/django/django;41738
367;16903;A framework for building native apps with React.;17271;facebook/react-native;git://github.com/facebook/react-native.git;https://facebook.github.io/react-native/;29028775;JavaScript;;react-native;350984;77470;3730;https://api.github.com/repos/facebook/react-native;77470
368;24029;scikit-learn: machine learning in Python;17213;scikit-learn/scikit-learn;git://github.com/scikit-learn/scikit-learn.git;https://scikit-learn.org;843222;Python;;scikit-learn;103636;35286;2252;https://api.github.com/repos/scikit-learn/scikit-learn;35286
371;5127;üôÉ A delightful community-driven (with 1,300+ contributors) framework for managing your zsh configuration. Includes 200+ optional plugins (rails, git, OSX, hub, capistrano, brew, ant, php, python, etc), over 140 themes to spice up your morning, and an auto-update tool so that makes it easy to keep up with the latest updates from the community.;16664;robbyrussell/oh-my-zsh;git://github.com/robbyrussell/oh-my-zsh.git;https://ohmyz.sh/;291137;Shell;;oh-my-zsh;5586;88655;2519;https://api.github.com/repos/robbyrussell/oh-my-zsh;88655
373;14866;üåà A UI Design Language;16388;ant-design/ant-design;git://github.com/ant-design/ant-design.git;https://ant.design;34526884;TypeScript;;ant-design;392075;46785;1464;https://api.github.com/repos/ant-design/ant-design;46785
375;6020;A PHP framework for web artisans;16026;laravel/laravel;git://github.com/laravel/laravel.git;https://laravel.com;1863329;PHP;;laravel;9792;52495;4615;https://api.github.com/repos/laravel/laravel;52495
377;5117;Deep Learning for humans;15760;keras-team/keras;git://github.com/keras-team/keras.git;http://keras.io/;33015583;Python;;keras;13017;41412;2022;https://api.github.com/repos/keras-team/keras;41412
378;44968;Ansible is a radically simple IT automation platform that makes your applications and systems easier to deploy. Avoid writing scripts or custom code to deploy and update your applications ‚Äî automate in a language that approaches plain English, using SSH, with no agents to install on remote systems. https://docs.ansible.com/ansible/;15551;ansible/ansible;git://github.com/ansible/ansible.git;https://www.ansible.com/;3638964;Python;;ansible;168534;37332;2028;https://api.github.com/repos/ansible/ansible;37332
380;36861;Moby Project - a collaborative project for the container ecosystem to assemble container-based systems;15432;moby/moby;git://github.com/moby/moby.git;https://mobyproject.org/;7691631;Go;;moby;142666;53463;3274;https://api.github.com/repos/moby/moby;53463
383;8158;Redis is an in-memory database that persists on disk. The data model is key-value, but many different kind of values are supported: Strings, Lists, Sets, Sorted Sets, Hashes, HyperLogLogs, Bitmaps.;14016;antirez/redis;git://github.com/antirez/redis.git;http://redis.io;156018;C;;redis;77073;36619;2717;https://api.github.com/repos/antirez/redis;36619
384;46151;Open Source, Distributed, RESTful Search Engine;13797;elastic/elasticsearch;git://github.com/elastic/elasticsearch.git;https://www.elastic.co/products/elasticsearch;507775;Java;;elasticsearch;624975;41300;2753;https://api.github.com/repos/elastic/elasticsearch;41300
385;27101;Node.js JavaScript runtime :sparkles::turtle::rocket::sparkles:;13752;nodejs/node;git://github.com/nodejs/node.git;https://nodejs.org/;27193779;JavaScript;;node;468843;61479;2960;https://api.github.com/repos/nodejs/node;61479
389;9512;Build amazing native and progressive web apps with open web technologies. One app running on everything üéâ;13035;ionic-team/ionic;git://github.com/ionic-team/ionic.git;https://ionicframework.com/;12256376;TypeScript;;ionic;95879;38066;1889;https://api.github.com/repos/ionic-team/ionic;38066
390;14326;One framework. Mobile & desktop.;12950;angular/angular;git://github.com/angular/angular.git;https://angular.io;24195339;TypeScript;;angular;113532;48390;3299;https://api.github.com/repos/angular/angular;48390
401;36777;:atom: The hackable text editor;11749;atom/atom;git://github.com/atom/atom.git;https://atom.io;3228505;JavaScript;;atom;311032;48847;2450;https://api.github.com/repos/atom/atom;48847
405;49368;Visual Studio Code;10544;microsoft/vscode;git://github.com/microsoft/vscode.git;https://code.visualstudio.com;41881900;TypeScript;;vscode;197157;76702;2766;https://api.github.com/repos/microsoft/vscode;76702
406;9472;React components for faster and easier web development. Build your own design system, or start with Material Design.;10312;mui-org/material-ui;git://github.com/mui-org/material-ui.git;https://material-ui.com/;23083156;JavaScript;;material-ui;73265;47128;1324;https://api.github.com/repos/mui-org/material-ui;47128
408;5234;A powerful, interactive charting and visualization library for browser;10144;apache/incubator-echarts;git://github.com/apache/incubator-echarts.git;http://echarts.apache.org/;9185792;JavaScript;;incubator-echarts;155117;34357;1975;https://api.github.com/repos/apache/incubator-echarts;34357
415;21833;:electron: Build cross-platform desktop apps with JavaScript, HTML, and CSS;9593;electron/electron;git://github.com/electron/electron.git;https://electronjs.org;9384267;C++;;electron;59229;73627;2781;https://api.github.com/repos/electron/electron;73627
417;6593;Protocol Buffers - Google's data interchange format;9342;protocolbuffers/protobuf;git://github.com/protocolbuffers/protobuf.git;https://developers.google.com/protocol-buffers/;23357588;C++;;protobuf;56076;34536;2005;https://api.github.com/repos/protocolbuffers/protobuf;34536
418;6092;üî¥ËìùÁÅØÊúÄÊñ∞ÁâàÊú¨‰∏ãËΩΩ https://github.com/getlantern/download üî¥ Lantern Latest Download https://github.com/getlantern/download üî¥;9185;getlantern/lantern;git://github.com/getlantern/lantern.git;;1380117;Go;;lantern;1151811;42135;2822;https://api.github.com/repos/getlantern/lantern;42135
424;17070;Command-line program to download videos from YouTube.com and other video sites;8813;ytdl-org/youtube-dl;git://github.com/ytdl-org/youtube-dl.git;http://ytdl-org.github.io/youtube-dl/;1039520;Python;;youtube-dl;55946;50737;1725;https://api.github.com/repos/ytdl-org/youtube-dl;50737
426;10949;Official Go implementation of the Ethereum protocol;8373;ethereum/go-ethereum;git://github.com/ethereum/go-ethereum.git;https://geth.ethereum.org;15452919;Go;;go-ethereum;127009;23394;2032;https://api.github.com/repos/ethereum/go-ethereum;23394
427;5080;A golang ebook intro how to build a web with golang;8358;astaxie/build-web-application-with-golang;git://github.com/astaxie/build-web-application-with-golang.git;;5271882;Go;;build-web-application-with-golang;38077;30226;2364;https://api.github.com/repos/astaxie/build-web-application-with-golang;30226
429;10495;:globe_with_meridians: Jekyll is a blog-aware static site generator in Ruby;8222;jekyll/jekyll;git://github.com/jekyll/jekyll.git;https://jekyllrb.com;65252;Ruby;;jekyll;16497;37777;1447;https://api.github.com/repos/jekyll/jekyll;37777
431;40407;The Go programming language;8043;golang/go;git://github.com/golang/go.git;https://golang.org;23096959;Go;;go;204614;58525;3318;https://api.github.com/repos/golang/go;58525
434;7074;Scrapy, a fast high-level web crawling & scraping framework for Python.;7767;scrapy/scrapy;git://github.com/scrapy/scrapy.git;https://scrapy.org;529502;Python;;scrapy;17005;32946;1834;https://api.github.com/repos/scrapy/scrapy;32946
442;5555;Fast, unopinionated, minimalist web framework for node.;7409;expressjs/express;git://github.com/expressjs/express.git;https://expressjs.com;237159;JavaScript;;express;8871;43982;1838;https://api.github.com/repos/expressjs/express;43982
444;14288;Flutter makes it easy and fast to build beautiful mobile apps.;7280;flutter/flutter;git://github.com/flutter/flutter.git;https://flutter.dev;31792824;Dart;;flutter;63048;64949;2273;https://api.github.com/repos/flutter/flutter;64949
451;5642;Python HTTP Requests for Humans‚Ñ¢ ‚ú®üç∞‚ú®;7076;kennethreitz/requests;git://github.com/kennethreitz/requests.git;http://python-requests.org;1362490;Python;;requests;9984;38722;1424;https://api.github.com/repos/kennethreitz/requests;38722
455;19326;:house_with_garden: Open source home automation that puts local control and privacy first;6917;home-assistant/home-assistant;git://github.com/home-assistant/home-assistant.git;https://www.home-assistant.io;12888993;Python;;home-assistant;110049;23835;1037;https://api.github.com/repos/home-assistant/home-assistant;23835
456;41940;The Symfony PHP framework;6910;symfony/symfony;git://github.com/symfony/symfony.git;https://symfony.com;458058;PHP;;symfony;137677;20784;1305;https://api.github.com/repos/symfony/symfony;20784
457;27615;TypeScript is a superset of JavaScript that compiles to clean JavaScript output.;6839;microsoft/TypeScript;git://github.com/microsoft/TypeScript.git;https://www.typescriptlang.org;20929025;TypeScript;;TypeScript;1054532;49422;2090;https://api.github.com/repos/microsoft/TypeScript;49422
459;18159;Tensors and Dynamic neural networks in Python  with strong GPU acceleration;6788;pytorch/pytorch;git://github.com/pytorch/pytorch.git;https://pytorch.org;65600975;C++;;pytorch;129075;28361;1252;https://api.github.com/repos/pytorch/pytorch;28361
461;5534;RxJava ‚Äì Reactive Extensions for the JVM ‚Äì a library for composing asynchronous and event-based programs using observable sequences for the Java VM.;6614;ReactiveX/RxJava;git://github.com/ReactiveX/RxJava.git;;7508411;Java;;RxJava;77045;39100;2370;https://api.github.com/repos/ReactiveX/RxJava;39100
464;9283;üëª The most popular headless Node.js CMS for professional publishing;6463;TryGhost/Ghost;git://github.com/TryGhost/Ghost.git;https://ghost.org;9852918;JavaScript;;Ghost;31089;29972;1148;https://api.github.com/repos/TryGhost/Ghost;29972
465;33219;A platform for community discussion. Free, open, simple.;6433;discourse/discourse;git://github.com/discourse/discourse.git;https://www.discourse.org;7569578;Ruby;;discourse;274728;28293;925;https://api.github.com/repos/discourse/discourse;28293
466;17739;An open source code editor for the web, written in JavaScript, HTML and CSS.;6402;adobe/brackets;git://github.com/adobe/brackets.git;http://brackets.io;2935735;JavaScript;;brackets;92453;29778;1613;https://api.github.com/repos/adobe/brackets;29778
469;11610;PDF Reader in JavaScript;6364;mozilla/pdf.js;git://github.com/mozilla/pdf.js.git;;1663468;JavaScript;;pdf.js;84511;26694;1011;https://api.github.com/repos/mozilla/pdf.js;26694
474;7855;"A bundler for javascript and friends. Packs many modules into a few bundled assets. Code Splitting allows for loading parts of the application on demand. Through ""loaders"", modules can be CommonJs, AMD, ES6 modules, CSS, Images, JSON, Coffeescript, LESS, ... and your custom stuff.";6135;webpack/webpack;git://github.com/webpack/webpack.git;https://webpack.js.org;3678731;JavaScript;;webpack;22514;48963;1605;https://api.github.com/repos/webpack/webpack;48963
480;12828;Phaser is a fun, free and fast 2D game framework for making HTML5 games for desktop and mobile web browsers, supporting Canvas and WebGL rendering.;5944;photonstorm/phaser;git://github.com/photonstorm/phaser.git;http://phaser.io;9393759;JavaScript;;phaser;289013;24787;1313;https://api.github.com/repos/photonstorm/phaser;24787
482;16315;The most advanced responsive front-end framework in the world. Quickly create prototypes and production code for sites that work on any kind of device.;5777;zurb/foundation-sites;git://github.com/zurb/foundation-sites.git;http://foundation.zurb.com;2573058;HTML;;foundation-sites;115399;28138;1437;https://api.github.com/repos/zurb/foundation-sites;28138
496;21949;The tool for beautiful monitoring and metric analytics & dashboards for Graphite, InfluxDB & Prometheus & More;5423;grafana/grafana;git://github.com/grafana/grafana.git;https://grafana.com;15111821;TypeScript;;grafana;193607;28918;1212;https://api.github.com/repos/grafana/grafana;28918
501;5860;A curated list of awesome iOS ecosystem, including Objective-C and Swift Projects ;5307;vsouza/awesome-ios;git://github.com/vsouza/awesome-ios.git;http://awesomeios.com;21700699;Swift;;awesome-ios;9199;31657;1747;https://api.github.com/repos/vsouza/awesome-ios;31657
505;15115;Distributed reliable key-value store for the most critical data of a distributed system;5058;etcd-io/etcd;git://github.com/etcd-io/etcd.git;https://etcd.io;11225014;Go;;etcd;49170;24991;1269;https://api.github.com/repos/etcd-io/etcd;24991
506;9481;Build blazing fast, modern apps and websites with React;5044;gatsbyjs/gatsby;git://github.com/gatsbyjs/gatsby.git;https://www.gatsbyjs.org;36040894;JavaScript;;gatsby;554589;34933;815;https://api.github.com/repos/gatsbyjs/gatsby;34933
508;21966;Meteor, the JavaScript App Platform;5032;meteor/meteor;git://github.com/meteor/meteor.git;https://www.meteor.com;3214406;JavaScript;;meteor;76548;41084;1833;https://api.github.com/repos/meteor/meteor;41084
511;38841;The C based gRPC (C++, Python, Ruby, Objective-C, PHP, C#);4919;grpc/grpc;git://github.com/grpc/grpc.git;https://grpc.io;27729880;C++;;grpc;221503;21290;1104;https://api.github.com/repos/grpc/grpc;21290
512;16704;Have your own Slack like online chat, built with Meteor.;4912;RocketChat/Rocket.Chat;git://github.com/RocketChat/Rocket.Chat.git;https://rocket.chat/;35866694;JavaScript;;Rocket.Chat;123656;22759;920;https://api.github.com/repos/RocketChat/Rocket.Chat;22759
516;6684;Semantic is a UI component framework based around useful principles from natural language.;4820;Semantic-Org/Semantic-UI;git://github.com/Semantic-Org/Semantic-UI.git;http://www.semantic-ui.com;9309093;JavaScript;;Semantic-UI;111123;45531;1440;https://api.github.com/repos/Semantic-Org/Semantic-UI;45531
532;21062;Godot Engine ‚Äì Multi-platform 2D and 3D game engine;4357;godotengine/godot;git://github.com/godotengine/godot.git;https://godotengine.org;15634981;C++;;godot;313906;22375;1229;https://api.github.com/repos/godotengine/godot;22375
542;18665;Ember.js - A JavaScript framework for creating ambitious web applications;4171;emberjs/ember.js;git://github.com/emberjs/ember.js.git;http://www.emberjs.com;1801829;JavaScript;;ember.js;56020;21002;1041;https://api.github.com/repos/emberjs/ember.js;21002
545;6735; :leaves: JavaScript library for mobile-friendly interactive maps;4074;Leaflet/Leaflet;git://github.com/Leaflet/Leaflet.git;https://leafletjs.com;931135;JavaScript;;Leaflet;48754;24862;940;https://api.github.com/repos/Leaflet/Leaflet;24862
546;7953;A modern JavaScript utility library delivering modularity, performance, & extras.;4064;lodash/lodash;git://github.com/lodash/lodash.git;https://lodash.com/;3955647;JavaScript;;lodash;44821;39280;857;https://api.github.com/repos/lodash/lodash;39280
549;5076;The world‚Äôs fastest framework for building websites.;3959;gohugoio/hugo;git://github.com/gohugoio/hugo.git;https://gohugo.io;11180687;Go;;hugo;71577;35352;982;https://api.github.com/repos/gohugoio/hugo;35352
550;14988;üöÄ The easiest way to automate building and releasing your iOS and Android apps;3899;fastlane/fastlane;git://github.com/fastlane/fastlane.git;https://fastlane.tools;27442967;Ruby;;fastlane;65354;25508;696;https://api.github.com/repos/fastlane/fastlane;25508
560;9265;ü•áÊéòÈáëÁøªËØëËÆ°ÂàíÔºåÂèØËÉΩÊòØ‰∏ñÁïåÊúÄÂ§ßÊúÄÂ•ΩÁöÑËã±ËØë‰∏≠ÊäÄÊúØÁ§æÂå∫ÔºåÊúÄÊáÇËØªËÄÖÂíåËØëËÄÖÁöÑÁøªËØëÂπ≥Âè∞Ôºö;3551;xitu/gold-miner;git://github.com/xitu/gold-miner.git;https://juejin.im/tag/ÊéòÈáëÁøªËØëËÆ°Âàí;45512989;;;gold-miner;44558;21389;1176;https://api.github.com/repos/xitu/gold-miner;21389
563;12408;üê† Babel is a compiler for writing next generation JavaScript.;3521;babel/babel;git://github.com/babel/babel.git;https://babeljs.io/;24560307;JavaScript;;babel;39310;33195;859;https://api.github.com/repos/babel/babel;33195
564;5086;Gogs is a painless self-hosted Git service.;3499;gogs/gogs;git://github.com/gogs/gogs.git;https://gogs.io;16752620;Go;;gogs;157469;30371;1092;https://api.github.com/repos/gogs/gogs;30371
570;5741;The Prometheus monitoring system and time series database.;3380;prometheus/prometheus;git://github.com/prometheus/prometheus.git;https://prometheus.io/;6838921;Go;;prometheus;65831;24147;1020;https://api.github.com/repos/prometheus/prometheus;24147
571;8351;Real-time performance monitoring, done right! https://my-netdata.io/;3360;netdata/netdata;git://github.com/netdata/netdata.git;;10744183;C;;netdata;30030;38369;1326;https://api.github.com/repos/netdata/netdata;38369
572;44730;The Julia Language: A fresh approach to technical computing.;3354;JuliaLang/julia;git://github.com/JuliaLang/julia.git;https://julialang.org/;1644196;Julia;;julia;170815;22178;928;https://api.github.com/repos/JuliaLang/julia;22178
573;10182;Serverless Framework ‚Äì Build web, mobile and IoT applications with serverless architectures using AWS Lambda, Azure Functions, Google CloudFunctions & more! ‚Äì ;3329;serverless/serverless;git://github.com/serverless/serverless.git;https://serverless.com;34302698;JavaScript;;serverless;81994;30135;993;https://api.github.com/repos/serverless/serverless;30135
582;18928;UI component dev & test: React, Vue, Angular, React Native, Ember, Web Components & more!;3076;storybooks/storybook;git://github.com/storybooks/storybook.git;https://storybook.js.org;54173593;JavaScript;;storybook;155721;38091;640;https://api.github.com/repos/storybooks/storybook;38091
596;9213;Certbot is EFF's tool to obtain certs from Let's Encrypt and (optionally) auto-enable HTTPS on your server.  It can also act as a client for any other CA that uses the ACME protocol.;2568;certbot/certbot;git://github.com/certbot/certbot.git;;26516210;Python;;certbot;22143;25093;884;https://api.github.com/repos/certbot/certbot;25093
604;25555;Sentry is cross-platform application monitoring, with a focus on error reporting.;2394;getsentry/sentry;git://github.com/getsentry/sentry.git;https://sentry.io;873328;Python;;sentry;108969;20927;651;https://api.github.com/repos/getsentry/sentry;20927
613;13133;Vim-fork focused on extensibility and usability;2288;neovim/neovim;git://github.com/neovim/neovim.git;https://salt.bountysource.com/teams/neovim;16408992;Vim script;;neovim;84208;31437;999;https://api.github.com/repos/neovim/neovim;31437
616;5281;Open Source Continuous File Synchronization;2181;syncthing/syncthing;git://github.com/syncthing/syncthing.git;https://forum.syncthing.net/;14712850;Go;;syncthing;99645;26035;925;https://api.github.com/repos/syncthing/syncthing;26035
620;6520;Our original Web Component library.;1999;Polymer/polymer;git://github.com/Polymer/polymer.git;https://polymer-library.polymer-project.org/;5532320;HTML;;polymer;29224;21025;1038;https://api.github.com/repos/Polymer/polymer;21025
624;7004;Realtime MVC Framework for Node.js;1844;balderdashy/sails;git://github.com/balderdashy/sails.git;https://sailsjs.com;3757512;JavaScript;;sails;12011;20556;759;https://api.github.com/repos/balderdashy/sails;20556
629;33395;The open-source database for the realtime web.;1736;rethinkdb/rethinkdb;git://github.com/rethinkdb/rethinkdb.git;https://rethinkdb.com;6452529;C++;;rethinkdb;278338;22168;859;https://api.github.com/repos/rethinkdb/rethinkdb;22168
631;5172;Quill is a modern WYSIWYG editor built for compatibility and extensibility.;1718;quilljs/quill;git://github.com/quilljs/quill.git;https://quilljs.com;5239185;JavaScript;;quill;13096;22829;464;https://api.github.com/repos/quilljs/quill;22829
642;6116;:love_letter: An extensible desktop mail app built on the modern web.  Forks welcome!;1374;nylas/nylas-mail;git://github.com/nylas/nylas-mail.git;https://nylas.com/nylas-mail/;25315643;JavaScript;;nylas-mail;87026;24354;461;https://api.github.com/repos/nylas/nylas-mail;24354
645;8843;The FreeCodeCamp.cn(FCC China) open source codebase and curriculum. Learn to code and help nonprofits.;1267;FreeCodeCampChina/freecodecamp.cn;git://github.com/FreeCodeCampChina/freecodecamp.cn.git;https://freeCodeCamp.cn;69629434;CSS;;freecodecamp.cn;30794;33997;751;https://api.github.com/repos/FreeCodeCampChina/freecodecamp.cn;33997
