;full_name;git_url;id;language
0;eugenp/tutorials;git://github.com/eugenp/tutorials.git;9754983;Java
1;ageron/handson-ml;git://github.com/ageron/handson-ml.git;51863547;Jupyter Notebook
2;angular-ui/bootstrap;git://github.com/angular-ui/bootstrap.git;6094683;JavaScript
3;Homebrew/homebrew-cask;git://github.com/Homebrew/homebrew-cask.git;3623050;Ruby
4;ruanyf/es6tutorial;git://github.com/ruanyf/es6tutorial.git;18964487;JavaScript
5;ityouknow/spring-boot-examples;git://github.com/ityouknow/spring-boot-examples.git;72907253;Java
6;swagger-api/swagger-ui;git://github.com/swagger-api/swagger-ui.git;2055965;JavaScript
7;ruanyf/react-demos;git://github.com/ruanyf/react-demos.git;32726377;JavaScript
8;libgdx/libgdx;git://github.com/libgdx/libgdx.git;5373551;Java
9;Micropoor/Micro8;git://github.com/Micropoor/Micro8.git;171244365;
10;FFmpeg/FFmpeg;git://github.com/FFmpeg/FFmpeg.git;1614410;C
11;TheAlgorithms/Java;git://github.com/TheAlgorithms/Java.git;63477660;Java
12;jobbole/awesome-python-cn;git://github.com/jobbole/awesome-python-cn.git;45456804;Makefile
13;ctripcorp/apollo;git://github.com/ctripcorp/apollo.git;53127403;Java
14;apachecn/AiLearning;git://github.com/apachecn/AiLearning.git;83119431;Python
15;OAI/OpenAPI-Specification;git://github.com/OAI/OpenAPI-Specification.git;17372733;
16;SeleniumHQ/selenium;git://github.com/SeleniumHQ/selenium.git;7613257;Java
17;donnemartin/data-science-ipython-notebooks;git://github.com/donnemartin/data-science-ipython-notebooks.git;29749635;Python
18;alsotang/node-lessons;git://github.com/alsotang/node-lessons.git;24812854;JavaScript
19;JacksonTian/fks;git://github.com/JacksonTian/fks.git;6256729;JavaScript
20;Unknwon/the-way-to-go_ZH_CN;git://github.com/Unknwon/the-way-to-go_ZH_CN.git;8989842;Go
21;encode/django-rest-framework;git://github.com/encode/django-rest-framework.git;1431547;Python
22;ruby/ruby;git://github.com/ruby/ruby.git;538746;Ruby
23;madrobby/zepto;git://github.com/madrobby/zepto.git;924303;HTML
24;iissnan/hexo-theme-next;git://github.com/iissnan/hexo-theme-next.git;27382163;CSS
25;SheetJS/js-xlsx;git://github.com/SheetJS/js-xlsx.git;6988020;JavaScript
26;v2ray/v2ray-core;git://github.com/v2ray/v2ray-core.git;41912791;Go
27;facebook/fresco;git://github.com/facebook/fresco.git;31533997;Java
28;google-research/bert;git://github.com/google-research/bert.git;154747577;Python
29;airyland/vux;git://github.com/airyland/vux.git;51728141;Vue
30;alibaba/p3c;git://github.com/alibaba/p3c.git;95189138;Kotlin
31;chrisbanes/PhotoView;git://github.com/chrisbanes/PhotoView.git;5084750;Java
32;TeamStuQ/skill-map;git://github.com/TeamStuQ/skill-map.git;46342224;HTML
33;reactnativecn/react-native-guide;git://github.com/reactnativecn/react-native-guide.git;33706598;
34;hubotio/hubot;git://github.com/hubotio/hubot.git;2278524;JavaScript
35;ipader/SwiftGuide;git://github.com/ipader/SwiftGuide.git;20822291;Swift
36;jdg/MBProgressHUD;git://github.com/jdg/MBProgressHUD.git;215047;Objective-C
37;twitter/typeahead.js;git://github.com/twitter/typeahead.js.git;8297888;JavaScript
38;rubocop-hq/ruby-style-guide;git://github.com/rubocop-hq/ruby-style-guide.git;2371106;
39;react-navigation/react-navigation;git://github.com/react-navigation/react-navigation.git;80149262;JavaScript
40;enyo/dropzone;git://github.com/enyo/dropzone.git;3422939;JavaScript
41;ElemeFE/mint-ui;git://github.com/ElemeFE/mint-ui.git;59010815;Vue
42;google/gson;git://github.com/google/gson.git;32538871;Java
43;sqlmapproject/sqlmap;git://github.com/sqlmapproject/sqlmap.git;4793392;Python
44;framework7io/framework7;git://github.com/framework7io/framework7.git;17107479;JavaScript
45;davideuler/architecture.of.internet-product;git://github.com/davideuler/architecture.of.internet-product.git;131582572;
46;kelseyhightower/kubernetes-the-hard-way;git://github.com/kelseyhightower/kubernetes-the-hard-way.git;62812261;
47;mattermost/mattermost-server;git://github.com/mattermost/mattermost-server.git;37448451;Go
48;keon/algorithms;git://github.com/keon/algorithms.git;74073233;Python
49;hashicorp/consul;git://github.com/hashicorp/consul.git;14125254;Go
50;reddit-archive/reddit;git://github.com/reddit-archive/reddit.git;26554;Python
51;afollestad/material-dialogs;git://github.com/afollestad/material-dialogs.git;26102180;Kotlin
52;jtoy/awesome-tensorflow;git://github.com/jtoy/awesome-tensorflow.git;52677592;
53;react-bootstrap/react-bootstrap;git://github.com/react-bootstrap/react-bootstrap.git;15480067;JavaScript
54;designmodo/Flat-UI;git://github.com/designmodo/Flat-UI.git;8538132;CSS
55;highlightjs/highlight.js;git://github.com/highlightjs/highlight.js.git;1213225;JavaScript
56;eslint/eslint;git://github.com/eslint/eslint.git;11061773;JavaScript
57;nlohmann/json;git://github.com/nlohmann/json.git;11171548;C++
58;keystonejs/keystone;git://github.com/keystonejs/keystone.git;11116372;JavaScript
59;ocornut/imgui;git://github.com/ocornut/imgui.git;22067521;C++
60;bilibili/flv.js;git://github.com/bilibili/flv.js.git;58623321;JavaScript
61;InterviewMap/CS-Interview-Knowledge-Map;git://github.com/InterviewMap/CS-Interview-Knowledge-Map.git;125791597;
62;kubernetes/minikube;git://github.com/kubernetes/minikube.git;56353740;Go
63;elixir-lang/elixir;git://github.com/elixir-lang/elixir.git;1234714;Elixir
64;benweet/stackedit;git://github.com/benweet/stackedit.git;8986773;JavaScript
65;servo/servo;git://github.com/servo/servo.git;3390243;Rust
66;jasmine/jasmine;git://github.com/jasmine/jasmine.git;84009;JavaScript
67;desandro/masonry;git://github.com/desandro/masonry.git;380961;HTML
68;wekan/wekan;git://github.com/wekan/wekan.git;16089035;JavaScript
69;uikit/uikit;git://github.com/uikit/uikit.git;11507163;CSS
70;algorithm-visualizer/algorithm-visualizer;git://github.com/algorithm-visualizer/algorithm-visualizer.git;58836534;JavaScript
71;iikira/BaiduPCS-Go;git://github.com/iikira/BaiduPCS-Go.git;112567264;Go
72;powerline/fonts;git://github.com/powerline/fonts.git;7240954;Shell
73;nsqio/nsq;git://github.com/nsqio/nsq.git;4307108;Go
74;metabase/metabase;git://github.com/metabase/metabase.git;30203935;Clojure
75;jashkenas/coffeescript;git://github.com/jashkenas/coffeescript.git;441269;CoffeeScript
76;rwaldron/idiomatic.js;git://github.com/rwaldron/idiomatic.js.git;1800198;
77;bower/bower;git://github.com/bower/bower.git;5710341;JavaScript
78;mitmproxy/mitmproxy;git://github.com/mitmproxy/mitmproxy.git;519832;Python
79;mysqljs/mysql;git://github.com/mysqljs/mysql.git;805461;JavaScript
80;NationalSecurityAgency/ghidra;git://github.com/NationalSecurityAgency/ghidra.git;173228436;Java
81;HubSpot/pace;git://github.com/HubSpot/pace.git;12774825;CSS
82;wycats/handlebars.js;git://github.com/wycats/handlebars.js.git;809601;JavaScript
83;bvaughn/react-virtualized;git://github.com/bvaughn/react-virtualized.git;45431898;JavaScript
84;statsd/statsd;git://github.com/statsd/statsd.git;1207300;JavaScript
85;kilimchoi/engineering-blogs;git://github.com/kilimchoi/engineering-blogs.git;37382858;Ruby
86;jgm/pandoc;git://github.com/jgm/pandoc.git;571770;Haskell
87;veggiemonk/awesome-docker;git://github.com/veggiemonk/awesome-docker.git;24297122;
88;facebook/osquery;git://github.com/facebook/osquery.git;22394357;C++
89;facebook/draft-js;git://github.com/facebook/draft-js.git;52113921;JavaScript
90;nagadomi/waifu2x;git://github.com/nagadomi/waifu2x.git;35756351;Lua
91;aria2/aria2;git://github.com/aria2/aria2.git;1116542;C++
92;strapi/strapi;git://github.com/strapi/strapi.git;43441403;JavaScript
93;cfenollosa/os-tutorial;git://github.com/cfenollosa/os-tutorial.git;24586308;C
94;binhnguyennus/awesome-scalability;git://github.com/binhnguyennus/awesome-scalability.git;115478820;
95;onevcat/Kingfisher;git://github.com/onevcat/Kingfisher.git;33486016;Swift
96;kataras/iris;git://github.com/kataras/iris.git;50709152;Go
97;ziishaned/learn-regex;git://github.com/ziishaned/learn-regex.git;98029592;
98;twbs/ratchet;git://github.com/twbs/ratchet.git;5448530;CSS
99;Seldaek/monolog;git://github.com/Seldaek/monolog.git;1376664;PHP
100;go-gitea/gitea;git://github.com/go-gitea/gitea.git;72495579;Go
101;sampotts/plyr;git://github.com/sampotts/plyr.git;30794868;JavaScript
102;julianshapiro/velocity;git://github.com/julianshapiro/velocity.git;18611173;JavaScript
103;alebcay/awesome-shell;git://github.com/alebcay/awesome-shell.git;21552971;
104;SnapKit/SnapKit;git://github.com/SnapKit/SnapKit.git;20541795;Swift
105;goldfire/howler.js;git://github.com/goldfire/howler.js.git;7874074;JavaScript
106;lukasz-madon/awesome-remote-job;git://github.com/lukasz-madon/awesome-remote-job.git;28699471;
107;satwikkansal/wtfpython;git://github.com/satwikkansal/wtfpython.git;101684374;Python
108;git-tips/tips;git://github.com/git-tips/tips.git;39122628;JavaScript
109;pyenv/pyenv;git://github.com/pyenv/pyenv.git;5625464;Shell
110;microsoft/monaco-editor;git://github.com/microsoft/monaco-editor.git;60630844;JavaScript
111;MostlyAdequate/mostly-adequate-guide;git://github.com/MostlyAdequate/mostly-adequate-guide.git;35133520;JavaScript
112;kriskowal/q;git://github.com/kriskowal/q.git;887025;JavaScript
113;adobe-fonts/source-code-pro;git://github.com/adobe-fonts/source-code-pro.git;5362524;Python
114;palantir/blueprint;git://github.com/palantir/blueprint.git;71939872;TypeScript
115;ianstormtaylor/slate;git://github.com/ianstormtaylor/slate.git;61412022;JavaScript
116;visionmedia/superagent;git://github.com/visionmedia/superagent.git;1607357;JavaScript
117;openfaas/faas;git://github.com/openfaas/faas.git;77144337;Go
118;Kotlin/anko;git://github.com/Kotlin/anko.git;24186761;Kotlin
119;ncw/rclone;git://github.com/ncw/rclone.git;17803236;Go
120;cjbarber/ToolsOfTheTrade;git://github.com/cjbarber/ToolsOfTheTrade.git;20281866;
121;nosir/cleave.js;git://github.com/nosir/cleave.js.git;59114705;JavaScript
122;pi-hole/pi-hole;git://github.com/pi-hole/pi-hole.git;20619036;Shell
123;tj/commander.js;git://github.com/tj/commander.js.git;2206953;JavaScript
124;naptha/tesseract.js;git://github.com/naptha/tesseract.js.git;37958358;JavaScript
125;drduh/macOS-Security-and-Privacy-Guide;git://github.com/drduh/macOS-Security-and-Privacy-Guide.git;41654081;Python
126;jaredpalmer/formik;git://github.com/jaredpalmer/formik.git;94367677;TypeScript
127;LisaDziuba/Awesome-Design-Tools;git://github.com/LisaDziuba/Awesome-Design-Tools.git;170326929;JavaScript
128;jaredhanson/passport;git://github.com/jaredhanson/passport.git;2540368;JavaScript
129;localForage/localForage;git://github.com/localForage/localForage.git;14003349;JavaScript
130;ryanoasis/nerd-fonts;git://github.com/ryanoasis/nerd-fonts.git;27574418;CSS
131;balena-io/etcher;git://github.com/balena-io/etcher.git;45055693;JavaScript
132;prisma/prisma;git://github.com/prisma/prisma.git;69164196;Scala
133;google/python-fire;git://github.com/google/python-fire.git;82729529;Python
134;stedolan/jq;git://github.com/stedolan/jq.git;5101141;C
135;mojs/mojs;git://github.com/mojs/mojs.git;21234201;JavaScript
136;atlassian/react-beautiful-dnd;git://github.com/atlassian/react-beautiful-dnd.git;99761907;JavaScript
137;JohnCoates/Aerial;git://github.com/JohnCoates/Aerial.git;44998092;Swift
138;viatsko/awesome-vscode;git://github.com/viatsko/awesome-vscode.git;51270739;JavaScript
139;koalaman/shellcheck;git://github.com/koalaman/shellcheck.git;6731432;Haskell
140;rollup/rollup;git://github.com/rollup/rollup.git;35640229;JavaScript
141;junegunn/vim-plug;git://github.com/junegunn/vim-plug.git;12732573;Vim script
142;nikitavoloboev/my-mac-os;git://github.com/nikitavoloboev/my-mac-os.git;53133861;CSS
143;BurntSushi/ripgrep;git://github.com/BurntSushi/ripgrep.git;53631945;Rust
144;pedronauck/docz;git://github.com/pedronauck/docz.git;125596489;TypeScript
145;feathericons/feather;git://github.com/feathericons/feather.git;20270252;JavaScript
146;reduxjs/reselect;git://github.com/reduxjs/reselect.git;38366638;JavaScript
147;wagoodman/dive;git://github.com/wagoodman/dive.git;133251103;Go
148;kelthuzadx/hosts;git://github.com/kelthuzadx/hosts.git;21481439;Rascal
149;rapid7/metasploit-framework;git://github.com/rapid7/metasploit-framework.git;2293158;Ruby
150;bcit-ci/CodeIgniter;git://github.com/bcit-ci/CodeIgniter.git;2234102;PHP
151;dmlc/xgboost;git://github.com/dmlc/xgboost.git;16587283;C++
152;julycoding/The-Art-Of-Programming-By-July;git://github.com/julycoding/The-Art-Of-Programming-By-July.git;15183485;C
153;laravel/framework;git://github.com/laravel/framework.git;7548986;PHP
154;nostra13/Android-Universal-Image-Loader;git://github.com/nostra13/Android-Universal-Image-Loader.git;2862290;Java
155;apache/incubator-mxnet;git://github.com/apache/incubator-mxnet.git;34864402;C++
156;alibaba/druid;git://github.com/alibaba/druid.git;2700159;Java
157;ColorlibHQ/gentelella;git://github.com/ColorlibHQ/gentelella.git;35658863;HTML
158;CamDavidsonPilon/Probabilistic-Programming-and-Bayesian-Methods-for-Hackers;git://github.com/CamDavidsonPilon/Probabilistic-Programming-and-Bayesian-Methods-for-Hackers.git;7607075;Jupyter Notebook
159;GoogleChrome/lighthouse;git://github.com/GoogleChrome/lighthouse.git;53370988;JavaScript
160;lib-pku/libpku;git://github.com/lib-pku/libpku.git;158703981;JavaScript
161;akveo/ngx-admin;git://github.com/akveo/ngx-admin.git;59652928;TypeScript
162;dotnet/corefx;git://github.com/dotnet/corefx.git;26295345;C#
163;tornadoweb/tornado;git://github.com/tornadoweb/tornado.git;301742;Python
164;alibaba/fastjson;git://github.com/alibaba/fastjson.git;2700474;Java
165;hashicorp/terraform;git://github.com/hashicorp/terraform.git;17728164;Go
166;openai/gym;git://github.com/openai/gym.git;57222302;Python
167;syl20bnr/spacemacs;git://github.com/syl20bnr/spacemacs.git;7212645;Emacs Lisp
168;ruanyf/jstraining;git://github.com/ruanyf/jstraining.git;72103891;
169;microsoft/CNTK;git://github.com/microsoft/CNTK.git;46918116;C++
170;google/leveldb;git://github.com/google/leveldb.git;23405758;C++
171;parse-community/parse-server;git://github.com/parse-community/parse-server.git;50603846;JavaScript
172;mongodb/mongo;git://github.com/mongodb/mongo.git;108110;C++
173;Homebrew/brew;git://github.com/Homebrew/brew.git;53238813;Ruby
174;square/picasso;git://github.com/square/picasso.git;10057936;Java
175;codemirror/CodeMirror;git://github.com/codemirror/CodeMirror.git;1254497;JavaScript
176;littlecodersh/ItChat;git://github.com/littlecodersh/ItChat.git;49935814;Python
177;domnikl/DesignPatternsPHP;git://github.com/domnikl/DesignPatternsPHP.git;2246815;PHP
178;facebook/flux;git://github.com/facebook/flux.git;22046023;JavaScript
179;scwang90/SmartRefreshLayout;git://github.com/scwang90/SmartRefreshLayout.git;93152223;Java
180;CymChad/BaseRecyclerViewAdapterHelper;git://github.com/CymChad/BaseRecyclerViewAdapterHelper.git;55886798;Java
181;angular/material;git://github.com/angular/material.git;21399598;JavaScript
182;Netflix/Hystrix;git://github.com/Netflix/Hystrix.git;6766558;Java
183;less/less.js;git://github.com/less/less.js.git;527644;JavaScript
184;JedWatson/react-select;git://github.com/JedWatson/react-select.git;23338716;JavaScript
185;npm/npm;git://github.com/npm/npm.git;321278;
186;futurice/android-best-practices;git://github.com/futurice/android-best-practices.git;22374063;
187;MrRio/jsPDF;git://github.com/MrRio/jsPDF.git;402046;JavaScript
188;tootsuite/mastodon;git://github.com/tootsuite/mastodon.git;52281283;Ruby
189;ftlabs/fastclick;git://github.com/ftlabs/fastclick.git;3428345;HTML
190;SnapKit/Masonry;git://github.com/SnapKit/Masonry.git;11570469;Objective-C
191;niklasvh/html2canvas;git://github.com/niklasvh/html2canvas.git;2056312;JavaScript
192;wsargent/docker-cheat-sheet;git://github.com/wsargent/docker-cheat-sheet.git;22657662;
193;GokuMohandas/practicalAI;git://github.com/GokuMohandas/practicalAI.git;156157055;Jupyter Notebook
194;dhg/Skeleton;git://github.com/dhg/Skeleton.git;1685764;CSS
195;istio/istio;git://github.com/istio/istio.git;74175805;Go
196;facebook/hhvm;git://github.com/facebook/hhvm.git;455600;C++
197;inconshreveable/ngrok;git://github.com/inconshreveable/ngrok.git;8900723;Go
198;ReactiveX/RxSwift;git://github.com/ReactiveX/RxSwift.git;33569135;Swift
199;react-native-training/react-native-elements;git://github.com/react-native-training/react-native-elements.git;67709808;JavaScript
200;microsoft/calculator;git://github.com/microsoft/calculator.git;168008797;C++
201;Tencent/wepy;git://github.com/Tencent/wepy.git;73681508;JavaScript
202;jcjohnson/neural-style;git://github.com/jcjohnson/neural-style.git;41717707;Lua
203;sorrycc/awesome-javascript;git://github.com/sorrycc/awesome-javascript.git;21393871;
204;reduxjs/react-redux;git://github.com/reduxjs/react-redux.git;38934449;JavaScript
205;SortableJS/Sortable;git://github.com/SortableJS/Sortable.git;15308499;JavaScript
206;donnemartin/interactive-coding-challenges;git://github.com/donnemartin/interactive-coding-challenges.git;34757182;Python
207;docker/compose;git://github.com/docker/compose.git;15045751;Python
208;mochajs/mocha;git://github.com/mochajs/mocha.git;1451352;JavaScript
209;matteocrippa/awesome-swift;git://github.com/matteocrippa/awesome-swift.git;21696302;Swift
210;airbnb/lottie-ios;git://github.com/airbnb/lottie-ios.git;70198664;Swift
211;influxdata/influxdb;git://github.com/influxdata/influxdb.git;13124802;Go
212;usablica/intro.js;git://github.com/usablica/intro.js.git;8686855;HTML
213;Solido/awesome-flutter;git://github.com/Solido/awesome-flutter.git;90528830;Dart
214;alibaba/weex;git://github.com/alibaba/weex.git;53658802;
215;vim/vim;git://github.com/vim/vim.git;40997482;Vim script
216;byoungd/English-level-up-tips-for-Chinese;git://github.com/byoungd/English-level-up-tips-for-Chinese.git;92807616;
217;defunkt/jquery-pjax;git://github.com/defunkt/jquery-pjax.git;1413492;JavaScript
218;scrollreveal/scrollreveal;git://github.com/scrollreveal/scrollreveal.git;15975439;JavaScript
219;emscripten-core/emscripten;git://github.com/emscripten-core/emscripten.git;1357796;C++
220;guzzle/guzzle;git://github.com/guzzle/guzzle.git;1420053;PHP
221;airbnb/enzyme;git://github.com/airbnb/enzyme.git;45942274;JavaScript
222;verekia/js-stack-from-scratch;git://github.com/verekia/js-stack-from-scratch.git;69798748;JavaScript
223;cockroachdb/cockroach;git://github.com/cockroachdb/cockroach.git;16563587;Go
224;Meituan-Dianping/mpvue;git://github.com/Meituan-Dianping/mpvue.git;124171501;JavaScript
225;markerikson/react-redux-links;git://github.com/markerikson/react-redux-links.git;50151075;
226;github/hub;git://github.com/github/hub.git;401025;Go
227;redux-saga/redux-saga;git://github.com/redux-saga/redux-saga.git;47071941;JavaScript
228;StreisandEffect/streisand;git://github.com/StreisandEffect/streisand.git;18044526;Shell
229;tobiasahlin/SpinKit;git://github.com/tobiasahlin/SpinKit.git;15150300;CSS
230;sindresorhus/awesome-electron;git://github.com/sindresorhus/awesome-electron.git;34453060;
231;minio/minio;git://github.com/minio/minio.git;29261473;Go
232;airbnb/lottie-web;git://github.com/airbnb/lottie-web.git;31085130;JavaScript
233;ovity/octotree;git://github.com/ovity/octotree.git;19620844;JavaScript
234;dokku/dokku;git://github.com/dokku/dokku.git;10567197;Shell
235;gorhill/uBlock;git://github.com/gorhill/uBlock.git;33263118;JavaScript
236;HeroTransitions/Hero;git://github.com/HeroTransitions/Hero.git;74697963;Swift
237;brillout/awesome-react-components;git://github.com/brillout/awesome-react-components.git;61893399;
238;pypa/pipenv;git://github.com/pypa/pipenv.git;79510167;Python
239;NativeScript/NativeScript;git://github.com/NativeScript/NativeScript.git;31492490;TypeScript
240;localstack/localstack;git://github.com/localstack/localstack.git;71948498;Python
241;serhii-londar/open-source-mac-os-apps;git://github.com/serhii-londar/open-source-mac-os-apps.git;109343098;Swift
242;nestjs/nest;git://github.com/nestjs/nest.git;80945428;TypeScript
243;ggreer/the_silver_searcher;git://github.com/ggreer/the_silver_searcher.git;2810455;C
244;lerna/lerna;git://github.com/lerna/lerna.git;47394776;JavaScript
245;avajs/ava;git://github.com/avajs/ava.git;26820798;JavaScript
246;ramda/ramda;git://github.com/ramda/ramda.git;10851820;JavaScript
247;segmentio/nightmare;git://github.com/segmentio/nightmare.git;18477927;JavaScript
248;postcss/autoprefixer;git://github.com/postcss/autoprefixer.git;8768406;JavaScript
249;ipfs/ipfs;git://github.com/ipfs/ipfs.git;16722900;
250;vapor/vapor;git://github.com/vapor/vapor.git;49910095;Swift
251;felixrieseberg/windows95;git://github.com/felixrieseberg/windows95.git;145803079;JavaScript
252;chenglou/react-motion;git://github.com/chenglou/react-motion.git;37246537;JavaScript
253;chubin/cheat.sh;git://github.com/chubin/cheat.sh.git;90563585;Python
254;jorgebucaran/hyperapp;git://github.com/jorgebucaran/hyperapp.git;79527893;JavaScript
255;date-fns/date-fns;git://github.com/date-fns/date-fns.git;24841635;JavaScript
256;jwilm/alacritty;git://github.com/jwilm/alacritty.git;51980455;Rust
257;formulahendry/955.WLB;git://github.com/formulahendry/955.WLB.git;178092134;
258;paularmstrong/normalizr;git://github.com/paularmstrong/normalizr.git;23141830;JavaScript
259;sveltejs/svelte;git://github.com/sveltejs/svelte.git;74293321;JavaScript
260;Popmotion/popmotion;git://github.com/Popmotion/popmotion.git;23044617;JavaScript
261;xi-editor/xi-editor;git://github.com/xi-editor/xi-editor.git;57167764;Rust
262;netty/netty;git://github.com/netty/netty.git;1064563;Java
263;pandas-dev/pandas;git://github.com/pandas-dev/pandas.git;858127;Python
264;nolimits4web/swiper;git://github.com/nolimits4web/swiper.git;3721224;JavaScript
265;danielmiessler/SecLists;git://github.com/danielmiessler/SecLists.git;3482588;PHP
266;jakevdp/PythonDataScienceHandbook;git://github.com/jakevdp/PythonDataScienceHandbook.git;65388917;Jupyter Notebook
267;geekcompany/ResumeSample;git://github.com/geekcompany/ResumeSample.git;23783375;
268;deepfakes/faceswap;git://github.com/deepfakes/faceswap.git;114747226;Python
269;google/iosched;git://github.com/google/iosched.git;18347476;Kotlin
270;CamDavidsonPilon/Probabilistic-Programming-and-Bayesian-Methods-for-Hackers;git://github.com/CamDavidsonPilon/Probabilistic-Programming-and-Bayesian-Methods-for-Hackers.git;7607075;Jupyter Notebook
271;composer/composer;git://github.com/composer/composer.git;1864363;PHP
272;sentsin/layui;git://github.com/sentsin/layui.git;42920477;JavaScript
273;amix/vimrc;git://github.com/amix/vimrc.git;4484451;Vim script
274;realpython/python-guide;git://github.com/realpython/python-guide.git;1481305;Batchfile
275;SwiftGGTeam/the-swift-programming-language-in-chinese;git://github.com/SwiftGGTeam/the-swift-programming-language-in-chinese.git;20429943;CSS
276;fxsjy/jieba;git://github.com/fxsjy/jieba.git;6007295;Python
277;plataformatec/devise;git://github.com/plataformatec/devise.git;308770;Ruby
278;angular/components;git://github.com/angular/components.git;49016322;TypeScript
279;BradLarson/GPUImage;git://github.com/BradLarson/GPUImage.git;3431083;Objective-C
280;ajaxorg/ace;git://github.com/ajaxorg/ace.git;1028340;JavaScript
281;ant-design/ant-design-pro;git://github.com/ant-design/ant-design-pro.git;101394335;JavaScript
282;kriasoft/react-starter-kit;git://github.com/kriasoft/react-starter-kit.git;18840003;JavaScript
283;hashicorp/vagrant;git://github.com/hashicorp/vagrant.git;481872;Ruby
284;terryum/awesome-deep-learning-papers;git://github.com/terryum/awesome-deep-learning-papers.git;60325062;TeX
285;Prinzhorn/skrollr;git://github.com/Prinzhorn/skrollr.git;3755875;HTML
286;fffaraz/awesome-cpp;git://github.com/fffaraz/awesome-cpp.git;21935031;
287;ReactiveCocoa/ReactiveCocoa;git://github.com/ReactiveCocoa/ReactiveCocoa.git;3606624;Swift
288;facebookresearch/fastText;git://github.com/facebookresearch/fastText.git;63484632;HTML
289;FezVrasta/bootstrap-material-design;git://github.com/FezVrasta/bootstrap-material-design.git;23069399;CSS
290;VincentGarreau/particles.js;git://github.com/VincentGarreau/particles.js.git;23736449;JavaScript
291;google/web-starter-kit;git://github.com/google/web-starter-kit.git;18511024;HTML
292;SamyPesse/How-to-Make-a-Computer-Operating-System;git://github.com/SamyPesse/How-to-Make-a-Computer-Operating-System.git;14807173;C
293;kahun/awesome-sysadmin;git://github.com/kahun/awesome-sysadmin.git;16677706;
294;SwiftyJSON/SwiftyJSON;git://github.com/SwiftyJSON/SwiftyJSON.git;20965586;Swift
295;sequelize/sequelize;git://github.com/sequelize/sequelize.git;790359;JavaScript
296;facebook/pop;git://github.com/facebook/pop.git;18275356;Objective-C++
297;ReactiveX/RxAndroid;git://github.com/ReactiveX/RxAndroid.git;23095954;Java
298;dimsemenov/PhotoSwipe;git://github.com/dimsemenov/PhotoSwipe.git;1580851;JavaScript
299;t4t5/sweetalert;git://github.com/t4t5/sweetalert.git;24635156;TypeScript
300;pingcap/tidb;git://github.com/pingcap/tidb.git;41986369;Go
301;Automattic/mongoose;git://github.com/Automattic/mongoose.git;597879;JavaScript
302;markedjs/marked;git://github.com/markedjs/marked.git;2096579;JavaScript
303;yangshun/front-end-interview-handbook;git://github.com/yangshun/front-end-interview-handbook.git;117372806;JavaScript
304;Reactive-Extensions/RxJS;git://github.com/Reactive-Extensions/RxJS.git;3122202;JavaScript
305;petkaantonov/bluebird;git://github.com/petkaantonov/bluebird.git;12670444;JavaScript
306;VundleVim/Vundle.vim;git://github.com/VundleVim/Vundle.vim.git;995750;Vim script
307;fouber/blog;git://github.com/fouber/blog.git;19141383;
308;Valloric/YouCompleteMe;git://github.com/Valloric/YouCompleteMe.git;4037197;Python
309;vuetifyjs/vuetify;git://github.com/vuetifyjs/vuetify.git;67962648;JavaScript
310;0xAX/linux-insides;git://github.com/0xAX/linux-insides.git;28751632;Python
311;pure-css/pure;git://github.com/pure-css/pure.git;9603240;HTML
312;skylot/jadx;git://github.com/skylot/jadx.git;8859474;Java
313;NervJS/taro;git://github.com/NervJS/taro.git;128624453;JavaScript
314;ReactiveX/rxjs;git://github.com/ReactiveX/rxjs.git;32247847;TypeScript
315;pugjs/pug;git://github.com/pugjs/pug.git;734934;JavaScript
316;webtorrent/webtorrent;git://github.com/webtorrent/webtorrent.git;13584262;JavaScript
317;elsewhencode/project-guidelines;git://github.com/elsewhencode/project-guidelines.git;95876775;JavaScript
318;drone/drone;git://github.com/drone/drone.git;16607898;Go
319;tabler/tabler;git://github.com/tabler/tabler.git;119811010;JavaScript
320;mbeaudru/modern-js-cheatsheet;git://github.com/mbeaudru/modern-js-cheatsheet.git;103953059;
321;facebook/flow;git://github.com/facebook/flow.git;25880891;OCaml
322;bevacqua/dragula;git://github.com/bevacqua/dragula.git;33895378;JavaScript
323;nefe/You-Dont-Need-jQuery;git://github.com/nefe/You-Dont-Need-jQuery.git;46622323;JavaScript
324;rstacruz/nprogress;git://github.com/rstacruz/nprogress.git;12244426;JavaScript
325;Marak/faker.js;git://github.com/Marak/faker.js.git;667561;JavaScript
326;iina/iina;git://github.com/iina/iina.git;76838017;Swift
327;cmderdev/cmder;git://github.com/cmderdev/cmder.git;11276147;C++
328;FallibleInc/security-guide-for-developers;git://github.com/FallibleInc/security-guide-for-developers.git;60710553;
329;cheeriojs/cheerio;git://github.com/cheeriojs/cheerio.git;2541284;JavaScript
330;remy/nodemon;git://github.com/remy/nodemon.git;958314;JavaScript
331;mobxjs/mobx;git://github.com/mobxjs/mobx.git;32215970;JavaScript
332;cdr/code-server;git://github.com/cdr/code-server.git;172953845;TypeScript
333;jiahaog/nativefier;git://github.com/jiahaog/nativefier.git;38558578;JavaScript
334;dawnlabs/carbon;git://github.com/dawnlabs/carbon.git;94498635;JavaScript
335;transloadit/uppy;git://github.com/transloadit/uppy.git;46273445;JavaScript
336;FiloSottile/mkcert;git://github.com/FiloSottile/mkcert.git;138547797;Go
337;railsware/upterm;git://github.com/railsware/upterm.git;32665718;TypeScript
338;tipsy/profile-summary-for-github;git://github.com/tipsy/profile-summary-for-github.git;113752225;Kotlin
339;tensorflow/tensorflow;git://github.com/tensorflow/tensorflow.git;45717250;C++
340;twbs/bootstrap;git://github.com/twbs/bootstrap.git;2126244;JavaScript
341;github/gitignore;git://github.com/github/gitignore.git;1062897;
342;tensorflow/models;git://github.com/tensorflow/models.git;51117837;Python
343;EbookFoundation/free-programming-books;git://github.com/EbookFoundation/free-programming-books.git;13491895;
344;angular/angular.js;git://github.com/angular/angular.js.git;460078;JavaScript
345;torvalds/linux;git://github.com/torvalds/linux.git;2325298;C
346;opencv/opencv;git://github.com/opencv/opencv.git;5108051;C++
347;spring-projects/spring-boot;git://github.com/spring-projects/spring-boot.git;6296790;Java
348;facebook/react;git://github.com/facebook/react.git;10270250;JavaScript
349;bitcoin/bitcoin;git://github.com/bitcoin/bitcoin.git;1181927;C++
350;jwasham/coding-interview-university;git://github.com/jwasham/coding-interview-university.git;60493101;
351;freeCodeCamp/freeCodeCamp;git://github.com/freeCodeCamp/freeCodeCamp.git;28457823;JavaScript
352;996icu/996.ICU;git://github.com/996icu/996.ICU.git;177736533;Rust
353;d3/d3;git://github.com/d3/d3.git;943149;JavaScript
354;getify/You-Dont-Know-JS;git://github.com/getify/You-Dont-Know-JS.git;14440270;
355;vuejs/vue;git://github.com/vuejs/vue.git;11730342;JavaScript
356;mrdoob/three.js;git://github.com/mrdoob/three.js.git;576201;JavaScript
357;CyC2018/CS-Notes;git://github.com/CyC2018/CS-Notes.git;121395510;Java
358;apache/spark;git://github.com/apache/spark.git;17165658;Scala
359;spring-projects/spring-framework;git://github.com/spring-projects/spring-framework.git;1148753;Java
360;kubernetes/kubernetes;git://github.com/kubernetes/kubernetes.git;20580498;Go
361;shadowsocks/shadowsocks;git://github.com/shadowsocks/shadowsocks.git;4086616;Python
362;jquery/jquery;git://github.com/jquery/jquery.git;167174;JavaScript
363;django/django;git://github.com/django/django.git;4164482;Python
364;apache/dubbo;git://github.com/apache/dubbo.git;4710920;Java
365;DefinitelyTyped/DefinitelyTyped;git://github.com/DefinitelyTyped/DefinitelyTyped.git;6093316;TypeScript
366;rails/rails;git://github.com/rails/rails.git;8514;Ruby
367;facebook/react-native;git://github.com/facebook/react-native.git;29028775;JavaScript
368;scikit-learn/scikit-learn;git://github.com/scikit-learn/scikit-learn.git;843222;Python
369;BVLC/caffe;git://github.com/BVLC/caffe.git;12791642;C++
370;lord/slate;git://github.com/lord/slate.git;12820537;JavaScript
371;robbyrussell/oh-my-zsh;git://github.com/robbyrussell/oh-my-zsh.git;291137;Shell
372;justjavac/free-programming-books-zh_CN;git://github.com/justjavac/free-programming-books-zh_CN.git;14098069;
373;ant-design/ant-design;git://github.com/ant-design/ant-design.git;34526884;TypeScript
374;airbnb/javascript;git://github.com/airbnb/javascript.git;6498492;JavaScript
375;laravel/laravel;git://github.com/laravel/laravel.git;1863329;PHP
376;git/git;git://github.com/git/git.git;36502;C
377;keras-team/keras;git://github.com/keras-team/keras.git;33015583;Python
378;ansible/ansible;git://github.com/ansible/ansible.git;3638964;Python
379;iluwatar/java-design-patterns;git://github.com/iluwatar/java-design-patterns.git;22790488;Java
380;moby/moby;git://github.com/moby/moby.git;7691631;Go
381;facebook/create-react-app;git://github.com/facebook/create-react-app.git;63537249;JavaScript
382;sindresorhus/awesome;git://github.com/sindresorhus/awesome.git;21737465;
383;antirez/redis;git://github.com/antirez/redis.git;156018;C
384;elastic/elasticsearch;git://github.com/elastic/elasticsearch.git;507775;Java
385;nodejs/node;git://github.com/nodejs/node.git;27193779;JavaScript
386;hakimel/reveal.js;git://github.com/hakimel/reveal.js.git;1861458;JavaScript
387;tastejs/todomvc;git://github.com/tastejs/todomvc.git;1844251;JavaScript
388;vinta/awesome-python;git://github.com/vinta/awesome-python.git;21289110;Python
389;ionic-team/ionic;git://github.com/ionic-team/ionic.git;12256376;TypeScript
390;angular/angular;git://github.com/angular/angular.git;24195339;TypeScript
391;kamranahmedse/developer-roadmap;git://github.com/kamranahmedse/developer-roadmap.git;85077558;
392;Snailclimb/JavaGuide;git://github.com/Snailclimb/JavaGuide.git;132464395;Java
393;shadowsocks/shadowsocks-windows;git://github.com/shadowsocks/shadowsocks-windows.git;7600409;C#
394;daneden/animate.css;git://github.com/daneden/animate.css.git;2561582;CSS
395;Homebrew/legacy-homebrew;git://github.com/Homebrew/legacy-homebrew.git;206084;
396;reduxjs/redux;git://github.com/reduxjs/redux.git;36535156;JavaScript
397;pallets/flask;git://github.com/pallets/flask.git;596892;Python
398;TheAlgorithms/Python;git://github.com/TheAlgorithms/Python.git;63476337;Python
399;Trinea/android-open-project;git://github.com/Trinea/android-open-project.git;15653276;
400;aymericdamien/TensorFlow-Examples;git://github.com/aymericdamien/TensorFlow-Examples.git;45986162;Jupyter Notebook
401;atom/atom;git://github.com/atom/atom.git;3228505;JavaScript
402;jackfrued/Python-100-Days;git://github.com/jackfrued/Python-100-Days.git;123458551;Jupyter Notebook
403;ColorlibHQ/AdminLTE;git://github.com/ColorlibHQ/AdminLTE.git;15428480;HTML
404;PanJiaChen/vue-element-admin;git://github.com/PanJiaChen/vue-element-admin.git;88464704;Vue
405;microsoft/vscode;git://github.com/microsoft/vscode.git;41881900;TypeScript
406;mui-org/material-ui;git://github.com/mui-org/material-ui.git;23083156;JavaScript
407;h5bp/html5-boilerplate;git://github.com/h5bp/html5-boilerplate.git;486550;JavaScript
408;apache/incubator-echarts;git://github.com/apache/incubator-echarts.git;9185792;JavaScript
409;FortAwesome/Font-Awesome;git://github.com/FortAwesome/Font-Awesome.git;3470471;JavaScript
410;python/cpython;git://github.com/python/cpython.git;81598961;Python
411;josephmisiti/awesome-machine-learning;git://github.com/josephmisiti/awesome-machine-learning.git;21872392;Python
412;xingshaocheng/architect-awesome;git://github.com/xingshaocheng/architect-awesome.git;128398636;
413;AFNetworking/AFNetworking;git://github.com/AFNetworking/AFNetworking.git;1828795;Objective-C
414;donnemartin/system-design-primer;git://github.com/donnemartin/system-design-primer.git;83222441;Python
415;electron/electron;git://github.com/electron/electron.git;9384267;C++
416;chartjs/Chart.js;git://github.com/chartjs/Chart.js.git;8843683;JavaScript
417;protocolbuffers/protobuf;git://github.com/protocolbuffers/protobuf.git;23357588;C++
418;getlantern/lantern;git://github.com/getlantern/lantern.git;1380117;Go
419;shadowsocks/shadowsocks-android;git://github.com/shadowsocks/shadowsocks-android.git;7190986;Kotlin
420;googlesamples/android-architecture;git://github.com/googlesamples/android-architecture.git;51148780;
421;bailicangdu/vue2-elm;git://github.com/bailicangdu/vue2-elm.git;77189043;Vue
422;karan/Projects;git://github.com/karan/Projects.git;11177928;
423;wasabeef/awesome-android-ui;git://github.com/wasabeef/awesome-android-ui.git;28428729;
424;ytdl-org/youtube-dl;git://github.com/ytdl-org/youtube-dl.git;1039520;Python
425;socketio/socket.io;git://github.com/socketio/socket.io.git;557980;JavaScript
426;ethereum/go-ethereum;git://github.com/ethereum/go-ethereum.git;15452919;Go
427;astaxie/build-web-application-with-golang;git://github.com/astaxie/build-web-application-with-golang.git;5271882;Go
428;h5bp/Front-end-Developer-Interview-Questions;git://github.com/h5bp/Front-end-Developer-Interview-Questions.git;3402537;HTML
429;jekyll/jekyll;git://github.com/jekyll/jekyll.git;65252;Ruby
430;zxing/zxing;git://github.com/zxing/zxing.git;2562751;Java
431;golang/go;git://github.com/golang/go.git;23096959;Go
432;blueimp/jQuery-File-Upload;git://github.com/blueimp/jQuery-File-Upload.git;1129010;JavaScript
433;nodejs/node-v0.x-archive;git://github.com/nodejs/node-v0.x-archive.git;211666;
434;scrapy/scrapy;git://github.com/scrapy/scrapy.git;529502;Python
435;ElemeFE/element;git://github.com/ElemeFE/element.git;67274736;Vue
436;google/material-design-icons;git://github.com/google/material-design-icons.git;24953448;CSS
437;Blankj/AndroidUtilCode;git://github.com/Blankj/AndroidUtilCode.git;64558143;Java
438;mathiasbynens/dotfiles;git://github.com/mathiasbynens/dotfiles.git;2329766;Shell
439;apple/swift;git://github.com/apple/swift.git;44838949;C++
440;XX-net/XX-Net;git://github.com/XX-net/XX-Net.git;29290473;Python
441;ReactTraining/react-router;git://github.com/ReactTraining/react-router.git;19872456;JavaScript
442;expressjs/express;git://github.com/expressjs/express.git;237159;JavaScript
443;scutan90/DeepLearning-500-questions;git://github.com/scutan90/DeepLearning-500-questions.git;138839979;
444;flutter/flutter;git://github.com/flutter/flutter.git;31792824;Dart
445;exacity/deeplearningbook-chinese;git://github.com/exacity/deeplearningbook-chinese.git;75830968;TeX
446;square/okhttp;git://github.com/square/okhttp.git;5152285;Java
447;google/guava;git://github.com/google/guava.git;20300177;Java
448;imhuay/Algorithm_Interview_Notes-Chinese;git://github.com/imhuay/Algorithm_Interview_Notes-Chinese.git;136328388;Python
449;necolas/normalize.css;git://github.com/necolas/normalize.css.git;1700621;CSS
450;PhilJay/MPAndroidChart;git://github.com/PhilJay/MPAndroidChart.git;19148949;Java
451;kennethreitz/requests;git://github.com/kennethreitz/requests.git;1362490;Python
452;trekhleb/javascript-algorithms;git://github.com/trekhleb/javascript-algorithms.git;126577260;JavaScript
453;kdn251/interviews;git://github.com/kdn251/interviews.git;81975372;Java
454;google/styleguide;git://github.com/google/styleguide.git;35969061;HTML
455;home-assistant/home-assistant;git://github.com/home-assistant/home-assistant.git;12888993;Python
456;symfony/symfony;git://github.com/symfony/symfony.git;458058;PHP
457;microsoft/TypeScript;git://github.com/microsoft/TypeScript.git;20929025;TypeScript
458;impress/impress.js;git://github.com/impress/impress.js.git;3065454;JavaScript
459;pytorch/pytorch;git://github.com/pytorch/pytorch.git;65600975;C++
460;angular/angular-cli;git://github.com/angular/angular-cli.git;36891867;TypeScript
461;ReactiveX/RxJava;git://github.com/ReactiveX/RxJava.git;7508411;Java
462;vuejs/vuex;git://github.com/vuejs/vuex.git;39176269;JavaScript
463;adam-p/markdown-here;git://github.com/adam-p/markdown-here.git;4311796;JavaScript
464;TryGhost/Ghost;git://github.com/TryGhost/Ghost.git;9852918;JavaScript
465;discourse/discourse;git://github.com/discourse/discourse.git;7569578;Ruby
466;adobe/brackets;git://github.com/adobe/brackets.git;2935735;JavaScript
467;alvarotrigo/fullPage.js;git://github.com/alvarotrigo/fullPage.js.git;12972263;JavaScript
468;ageitgey/face_recognition;git://github.com/ageitgey/face_recognition.git;83844720;Python
469;mozilla/pdf.js;git://github.com/mozilla/pdf.js.git;1663468;JavaScript
470;vuejs/awesome-vue;git://github.com/vuejs/awesome-vue.git;44571718;
471;moment/moment;git://github.com/moment/moment.git;1424470;JavaScript
472;bilibili/ijkplayer;git://github.com/bilibili/ijkplayer.git;10446890;C
473;codepath/android_guides;git://github.com/codepath/android_guides.git;10788737;
474;webpack/webpack;git://github.com/webpack/webpack.git;3678731;JavaScript
475;prakhar1989/awesome-courses;git://github.com/prakhar1989/awesome-courses.git;26689598;
476;square/retrofit;git://github.com/square/retrofit.git;892275;Java
477;videojs/video.js;git://github.com/videojs/video.js.git;667006;JavaScript
478;NARKOZ/hacker-scripts;git://github.com/NARKOZ/hacker-scripts.git;46629305;JavaScript
479;toddmotto/public-apis;git://github.com/toddmotto/public-apis.git;54346799;Python
480;photonstorm/phaser;git://github.com/photonstorm/phaser.git;9393759;JavaScript
481;ossu/computer-science;git://github.com/ossu/computer-science.git;19415064;
482;zurb/foundation-sites;git://github.com/zurb/foundation-sites.git;2573058;HTML
483;avelino/awesome-go;git://github.com/avelino/awesome-go.git;21540759;Go
484;rust-lang/rust;git://github.com/rust-lang/rust.git;724712;Rust
485;Tencent/weui;git://github.com/Tencent/weui.git;28167802;CSS
486;jashkenas/backbone;git://github.com/jashkenas/backbone.git;952189;JavaScript
487;shadowsocks/ShadowsocksX-NG;git://github.com/shadowsocks/ShadowsocksX-NG.git;60844036;Swift
488;ariya/phantomjs;git://github.com/ariya/phantomjs.git;1200050;HTML
489;crossoverJie/JCSprout;git://github.com/crossoverJie/JCSprout.git;114523184;Java
490;awesomedata/awesome-public-datasets;git://github.com/awesomedata/awesome-public-datasets.git;26898879;
491;select2/select2;git://github.com/select2/select2.git;3620194;JavaScript
492;gitlabhq/gitlabhq;git://github.com/gitlabhq/gitlabhq.git;2500088;Ruby
493;Alamofire/Alamofire;git://github.com/Alamofire/Alamofire.git;22458259;Swift
494;sahat/hackathon-starter;git://github.com/sahat/hackathon-starter.git;14370955;JavaScript
495;php/php-src;git://github.com/php/php-src.git;1903522;C
496;grafana/grafana;git://github.com/grafana/grafana.git;15111821;TypeScript
497;jashkenas/underscore;git://github.com/jashkenas/underscore.git;349241;JavaScript
498;SDWebImage/SDWebImage;git://github.com/SDWebImage/SDWebImage.git;313419;Objective-C
499;google/material-design-lite;git://github.com/google/material-design-lite.git;29268051;HTML
500;Avik-Jain/100-Days-Of-ML-Code;git://github.com/Avik-Jain/100-Days-Of-ML-Code.git;139824423;Python
501;vsouza/awesome-ios;git://github.com/vsouza/awesome-ios.git;21700699;Swift
502;floodsung/Deep-Learning-Papers-Reading-Roadmap;git://github.com/floodsung/Deep-Learning-Papers-Reading-Roadmap.git;70905478;Python
503;tesseract-ocr/tesseract;git://github.com/tesseract-ocr/tesseract.git;22887094;C++
504;justjavac/awesome-wechat-weapp;git://github.com/justjavac/awesome-wechat-weapp.git;68957920;
505;etcd-io/etcd;git://github.com/etcd-io/etcd.git;11225014;Go
506;gatsbyjs/gatsby;git://github.com/gatsbyjs/gatsby.git;36040894;JavaScript
507;30-seconds/30-seconds-of-code;git://github.com/30-seconds/30-seconds-of-code.git;112507086;JavaScript
508;meteor/meteor;git://github.com/meteor/meteor.git;3214406;JavaScript
509;aosabook/500lines;git://github.com/aosabook/500lines.git;14098121;JavaScript
510;ZuzooVn/machine-learning-for-software-engineers;git://github.com/ZuzooVn/machine-learning-for-software-engineers.git;70431106;
511;grpc/grpc;git://github.com/grpc/grpc.git;27729880;C++
512;RocketChat/Rocket.Chat;git://github.com/RocketChat/Rocket.Chat.git;35866694;JavaScript
513;soimort/you-get;git://github.com/soimort/you-get.git;5483330;Python
514;bumptech/glide;git://github.com/bumptech/glide.git;11267509;Java
515;doocs/advanced-java;git://github.com/doocs/advanced-java.git;151834062;Java
516;Semantic-Org/Semantic-UI;git://github.com/Semantic-Org/Semantic-UI.git;9309093;JavaScript
517;kenwheeler/slick;git://github.com/kenwheeler/slick.git;18049133;JavaScript
518;Dogfalo/materialize;git://github.com/Dogfalo/materialize.git;23974149;JavaScript
519;Hack-with-Github/Awesome-Hacking;git://github.com/Hack-with-Github/Awesome-Hacking.git;55076063;
520;axios/axios;git://github.com/axios/axios.git;23088740;JavaScript
521;apache/incubator-superset;git://github.com/apache/incubator-superset.git;39464018;JavaScript
522;akullpp/awesome-java;git://github.com/akullpp/awesome-java.git;21648001;
523;IanLunn/Hover;git://github.com/IanLunn/Hover.git;15585444;CSS
524;JakeWharton/butterknife;git://github.com/JakeWharton/butterknife.git;8575137;Java
525;johnpapa/angular-styleguide;git://github.com/johnpapa/angular-styleguide.git;22362099;
526;GoogleChrome/puppeteer;git://github.com/GoogleChrome/puppeteer.git;90796663;JavaScript
527;zeit/next.js;git://github.com/zeit/next.js.git;70107786;JavaScript
528;faif/python-patterns;git://github.com/faif/python-patterns.git;4578002;Python
529;react-boilerplate/react-boilerplate;git://github.com/react-boilerplate/react-boilerplate.git;30969188;JavaScript
530;gulpjs/gulp;git://github.com/gulpjs/gulp.git;11167738;JavaScript
531;jlevy/the-art-of-command-line;git://github.com/jlevy/the-art-of-command-line.git;35955666;
532;godotengine/godot;git://github.com/godotengine/godot.git;15634981;C++
533;facebookresearch/Detectron;git://github.com/facebookresearch/Detectron.git;105919803;Python
534;houshanren/hangzhou_house_knowledge;git://github.com/houshanren/hangzhou_house_knowledge.git;122692377;CSS
535;proxyee-down-org/proxyee-down;git://github.com/proxyee-down-org/proxyee-down.git;108252892;Java
536;greenrobot/EventBus;git://github.com/greenrobot/EventBus.git;5070389;Java
537;tiimgreen/github-cheat-sheet;git://github.com/tiimgreen/github-cheat-sheet.git;18708860;
538;fatedier/frp;git://github.com/fatedier/frp.git;48378947;Go
539;dypsilon/frontend-dev-bookmarks;git://github.com/dypsilon/frontend-dev-bookmarks.git;10865436;
540;harvesthq/chosen;git://github.com/harvesthq/chosen.git;1631024;HTML
541;ziadoz/awesome-php;git://github.com/ziadoz/awesome-php.git;14705691;
542;emberjs/ember.js;git://github.com/emberjs/ember.js.git;1801829;JavaScript
543;astaxie/beego;git://github.com/astaxie/beego.git;3577919;Go
544;danielgindi/Charts;git://github.com/danielgindi/Charts.git;32578467;Swift
545;Leaflet/Leaflet;git://github.com/Leaflet/Leaflet.git;931135;JavaScript
546;lodash/lodash;git://github.com/lodash/lodash.git;3955647;JavaScript
547;MisterBooo/LeetCodeAnimation;git://github.com/MisterBooo/LeetCodeAnimation.git;160640094;Java
548;airbnb/lottie-android;git://github.com/airbnb/lottie-android.git;70198875;Java
549;gohugoio/hugo;git://github.com/gohugoio/hugo.git;11180687;Go
550;fastlane/fastlane;git://github.com/fastlane/fastlane.git;27442967;Ruby
551;microsoft/terminal;git://github.com/microsoft/terminal.git;100060912;C++
552;yangshun/tech-interview-handbook;git://github.com/yangshun/tech-interview-handbook.git;62607227;JavaScript
553;chrislgarry/Apollo-11;git://github.com/chrislgarry/Apollo-11.git;18408635;Assembly
554;nwjs/nw.js;git://github.com/nwjs/nw.js.git;3100121;C++
555;iview/iview;git://github.com/iview/iview.git;64355429;Vue
556;sindresorhus/awesome-nodejs;git://github.com/sindresorhus/awesome-nodejs.git;21737266;
557;enaqx/awesome-react;git://github.com/enaqx/awesome-react.git;22670857;
558;typicode/json-server;git://github.com/typicode/json-server.git;14747598;JavaScript
559;tuvtran/project-based-learning;git://github.com/tuvtran/project-based-learning.git;88011908;
560;xitu/gold-miner;git://github.com/xitu/gold-miner.git;45512989;
561;hexojs/hexo;git://github.com/hexojs/hexo.git;5923215;JavaScript
562;MaximAbramchuck/awesome-interview-questions;git://github.com/MaximAbramchuck/awesome-interview-questions.git;47018239;
563;babel/babel;git://github.com/babel/babel.git;24560307;JavaScript
564;gogs/gogs;git://github.com/gogs/gogs.git;16752620;Go
565;facebook/jest;git://github.com/facebook/jest.git;15062869;JavaScript
566;vuejs/vue-cli;git://github.com/vuejs/vue-cli.git;48626335;JavaScript
567;mtdvio/every-programmer-should-know;git://github.com/mtdvio/every-programmer-should-know.git;101296881;
568;square/leakcanary;git://github.com/square/leakcanary.git;34824499;Kotlin
569;raywenderlich/swift-algorithm-club;git://github.com/raywenderlich/swift-algorithm-club.git;50447720;Swift
570;prometheus/prometheus;git://github.com/prometheus/prometheus.git;6838921;Go
571;netdata/netdata;git://github.com/netdata/netdata.git;10744183;C
572;JuliaLang/julia;git://github.com/JuliaLang/julia.git;1644196;Julia
573;serverless/serverless;git://github.com/serverless/serverless.git;34302698;JavaScript
574;dkhamsing/open-source-ios-apps;git://github.com/dkhamsing/open-source-ios-apps.git;29887499;Swift
575;pixijs/pixi.js;git://github.com/pixijs/pixi.js.git;7741856;JavaScript
576;thedaviddias/Front-End-Checklist;git://github.com/thedaviddias/Front-End-Checklist.git;107111421;JavaScript
577;nvm-sh/nvm;git://github.com/nvm-sh/nvm.git;612230;Shell
578;jaywcjlove/awesome-mac;git://github.com/jaywcjlove/awesome-mac.git;63539055;JavaScript
579;papers-we-love/papers-we-love;git://github.com/papers-we-love/papers-we-love.git;15204860;
580;JetBrains/kotlin;git://github.com/JetBrains/kotlin.git;3432266;Kotlin
581;gin-gonic/gin;git://github.com/gin-gonic/gin.git;20904437;Go
582;storybooks/storybook;git://github.com/storybooks/storybook.git;54173593;JavaScript
583;Modernizr/Modernizr;git://github.com/Modernizr/Modernizr.git;317757;JavaScript
584;zenorocha/clipboard.js;git://github.com/zenorocha/clipboard.js.git;42751014;JavaScript
585;bayandin/awesome-awesomeness;git://github.com/bayandin/awesome-awesomeness.git;21600440;Ruby
586;danistefanovic/build-your-own-x;git://github.com/danistefanovic/build-your-own-x.git;132750724;
587;jondot/awesome-react-native;git://github.com/jondot/awesome-react-native.git;32948863;JavaScript
588;sdmg15/Best-websites-a-programmer-should-visit;git://github.com/sdmg15/Best-websites-a-programmer-should-visit.git;83999700;
589;isocpp/CppCoreGuidelines;git://github.com/isocpp/CppCoreGuidelines.git;41058054;Python
590;GitbookIO/gitbook;git://github.com/GitbookIO/gitbook.git;18280236;JavaScript
591;jgthms/bulma;git://github.com/jgthms/bulma.git;50264296;CSS
592;jakubroztocil/httpie;git://github.com/jakubroztocil/httpie.git;3544424;Python
593;leonardomso/33-js-concepts;git://github.com/leonardomso/33-js-concepts.git;147350463;JavaScript
594;request/request;git://github.com/request/request.git;1283503;JavaScript
595;Kong/kong;git://github.com/Kong/kong.git;26783295;Lua
596;certbot/certbot;git://github.com/certbot/certbot.git;26516210;Python
597;Kickball/awesome-selfhosted;git://github.com/Kickball/awesome-selfhosted.git;36633370;JavaScript
598;lukehoban/es6features;git://github.com/lukehoban/es6features.git;17375436;
599;hammerjs/hammer.js;git://github.com/hammerjs/hammer.js.git;3602123;JavaScript
600;ryanmcdermott/clean-code-javascript;git://github.com/ryanmcdermott/clean-code-javascript.git;74791366;JavaScript
601;kamranahmedse/design-patterns-for-humans;git://github.com/kamranahmedse/design-patterns-for-humans.git;82227585;
602;ripienaar/free-for-dev;git://github.com/ripienaar/free-for-dev.git;32484381;HTML
603;kelseyhightower/nocode;git://github.com/kelseyhightower/nocode.git;120538304;Dockerfile
604;getsentry/sentry;git://github.com/getsentry/sentry.git;873328;Python
605;zeit/hyper;git://github.com/zeit/hyper.git;62367558;JavaScript
606;fzaninotto/Faker;git://github.com/fzaninotto/Faker.git;2579314;PHP
607;koajs/koa;git://github.com/koajs/koa.git;11551538;JavaScript
608;nvie/gitflow;git://github.com/nvie/gitflow.git;481366;Shell
609;huginn/huginn;git://github.com/huginn/huginn.git;8681349;Ruby
610;containous/traefik;git://github.com/containous/traefik.git;42408804;Go
611;caolan/async;git://github.com/caolan/async.git;698041;JavaScript
612;juliangarnier/anime;git://github.com/juliangarnier/anime.git;53809090;JavaScript
613;neovim/neovim;git://github.com/neovim/neovim.git;16408992;Vim script
614;i0natan/nodebestpractices;git://github.com/i0natan/nodebestpractices.git;103633984;JavaScript
615;nvbn/thefuck;git://github.com/nvbn/thefuck.git;33614304;Python
616;syncthing/syncthing;git://github.com/syncthing/syncthing.git;14712850;Go
617;yarnpkg/yarn;git://github.com/yarnpkg/yarn.git;49970642;JavaScript
618;open-guides/og-aws;git://github.com/open-guides/og-aws.git;63266213;Shell
619;github/fetch;git://github.com/github/fetch.git;25136308;JavaScript
620;Polymer/polymer;git://github.com/Polymer/polymer.git;5532320;HTML
621;k88hudson/git-flight-rules;git://github.com/k88hudson/git-flight-rules.git;22119721;
622;Unitech/pm2;git://github.com/Unitech/pm2.git;10187082;JavaScript
623;trimstray/the-book-of-secret-knowledge;git://github.com/trimstray/the-book-of-secret-knowledge.git;138393139;
624;balderdashy/sails;git://github.com/balderdashy/sails.git;3757512;JavaScript
625;prettier/prettier;git://github.com/prettier/prettier.git;75104123;JavaScript
626;joshbuchea/HEAD;git://github.com/joshbuchea/HEAD.git;56717493;
627;gothinkster/realworld;git://github.com/gothinkster/realworld.git;52631841;JavaScript
628;mholt/caddy;git://github.com/mholt/caddy.git;29207621;Go
629;rethinkdb/rethinkdb;git://github.com/rethinkdb/rethinkdb.git;6452529;C++
630;nuxt/nuxt.js;git://github.com/nuxt/nuxt.js.git;71995937;JavaScript
631;quilljs/quill;git://github.com/quilljs/quill.git;5239185;JavaScript
632;tldr-pages/tldr;git://github.com/tldr-pages/tldr.git;15019962;Python
633;denoland/deno;git://github.com/denoland/deno.git;133442384;TypeScript
634;alex/what-happens-when;git://github.com/alex/what-happens-when.git;14194174;
635;wg/wrk;git://github.com/wg/wrk.git;3774328;C
636;standard/standard;git://github.com/standard/standard.git;29891188;JavaScript
637;immutable-js/immutable-js;git://github.com/immutable-js/immutable-js.git;21413198;JavaScript
638;shengxinjing/programmer-job-blacklist;git://github.com/shengxinjing/programmer-job-blacklist.git;61929586;Shell
639;parcel-bundler/parcel;git://github.com/parcel-bundler/parcel.git;99598595;JavaScript
640;styled-components/styled-components;git://github.com/styled-components/styled-components.git;65794292;JavaScript
641;knsv/mermaid;git://github.com/knsv/mermaid.git;26066727;JavaScript
642;nylas/nylas-mail;git://github.com/nylas/nylas-mail.git;25315643;JavaScript
643;minimaxir/big-list-of-naughty-strings;git://github.com/minimaxir/big-list-of-naughty-strings.git;40416236;Python
644;freeCodeCamp/devdocs;git://github.com/freeCodeCamp/devdocs.git;13840241;Ruby
645;FreeCodeCampChina/freecodecamp.cn;git://github.com/FreeCodeCampChina/freecodecamp.cn.git;69629434;CSS
646;herrbischoff/awesome-macos-command-line;git://github.com/herrbischoff/awesome-macos-command-line.git;42956467;
647;preactjs/preact;git://github.com/preactjs/preact.git;42283287;JavaScript
648;postcss/postcss;git://github.com/postcss/postcss.git;13078968;JavaScript
649;tonsky/FiraCode;git://github.com/tonsky/FiraCode.git;26500787;Clojure
650;resume/resume.github.com;git://github.com/resume/resume.github.com.git;1334369;JavaScript
651;x64dbg/x64dbg;git://github.com/x64dbg/x64dbg.git;33791743;C++
652;iamkun/dayjs;git://github.com/iamkun/dayjs.git;128907699;JavaScript
653;junegunn/fzf;git://github.com/junegunn/fzf.git;13807606;Go
654;CodeHubApp/CodeHub;git://github.com/CodeHubApp/CodeHub.git;11620669;C#
